Set;Severity;Class;Group;Rule;Flag
1;0;;0;;;Strict;;1;Strict rule - make non-bold to show only results with other rules violated.  Global parameters: Local climax: Highest note in higher voice within 13 notes or 8 measures - which is smaller;;;;;;;;;;;;;;
1;49;;100;Cantus;Border;First note is not the tonic;V in upper CF;0;Only for cantus firmus;Note V in higher voice;;;;;5;1;1;;;;;;
1;90;;100;Cantus;Border;First note is not the tonic;III in upper CF;0;Only for cantus firmus;Note III in higher voice;;;;;5;1;1;;;;;;
1;33;;100;Cantus;Border;First note is not the tonic;Other;0;Only for cantus firmus;Any note except I in lower voice. Any note except I, III, V in higher voice.;;;;;55;5;1;;;;;;
1;14;;0;Cantus;Border;3rd to last note;I/III/V;-1;Only for cantus firmus;;;;;;185;26;1;;;;;;
1;34;;0;Cantus;Border;3rd to last note;leading-tone;-1;Only for cantus firmus;;;;;;40;5;1;;;;;;
1;51;;0;Cantus;Border;2nd to last note;not VII/II;-1;Only for cantus firmus;;;;;;17;2;1;;;;;;
1;13;;0;Cantus;Border;2nd to last note;not V/VII/II;-1;Only for cantus firmus;;;;;;55;10;1;;;;;;
1;50;;100;Cantus;Border;Last note is not the tonic;not tonic;0;Only for cantus firmus;;;;;;17;1;1;;;;;;
1;52;;0;Cantus;Border;Resolution of the penultimate note;VII not to I;0;;VII penultimate note resolves not to I note;12;;;res;12;1;;;;;;;
1;87;;0;Cantus;Border;Resolution of the penultimate note;IV not to III;0;;IV penultimate note resolves not to III note;12;;;res;48;1;;;;;;;
1;42;;0;Melody;Compensated leap;Uncompensated leap: compensation deviation to 2nd;3rd;-1;Compensation can be deviated one 2nd interval above last leap note;;5;;;;199;0;;;999;;;;
1;43;;0;Melody;Compensated leap;Uncompensated leap: compensation deviation to 2nd;4th;-1;Compensation can be deviated one 2nd interval above last leap note;;5;;;;88;0;;;999;;;;
1;44;;0;Melody;Compensated leap;Uncompensated leap: compensation deviation to 2nd;5th;-1;Compensation can be deviated one 2nd interval above last leap note;;5;;;;76;0;;;999;;;;
1;45;;0;Melody;Compensated leap;Uncompensated leap: compensation deviation to 2nd;>5th;-1;Compensation can be deviated one 2nd interval above last leap note;;5;;;;3;0;;;999;;;;
1;191;;50;Melody;Compensated leap;Uncompensated leap: compensation deviation to 2nd;late >3;0;Compensation can be deviated one 2nd interval above last leap note;Deviation after compensation note X (1 for >5th);5;;;;0;0;;;;;;;
1;386;;100;Melody;Compensated leap;Uncompensated leap: compensation deviation to 2nd;>5th long;0;Compensation can be deviated one 2nd interval above last leap note;Deviation longer than 1/4 note;5;;;;0;0;;;;;;;
1;120;1240;50;Melody;Compensated leap;Uncompensated leap: compensation deviation to 3nd;3rd;0;Compensation can be deviated one 3rd interval above last leap note;;;;;;;;;;;;;;
1;121;1240;50;Melody;Compensated leap;Uncompensated leap: compensation deviation to 3nd;4th;0;Compensation can be deviated one 3rd interval above last leap note;;;;;;;;;;;;;;
1;122;1240;50;Melody;Compensated leap;Uncompensated leap: compensation deviation to 3nd;5th;0;Compensation can be deviated one 3rd interval above last leap note;;;;;;;;;;;;;;
1;123;1240;50;Melody;Compensated leap;Uncompensated leap: compensation deviation to 3nd;>5th;0;Compensation can be deviated one 3rd interval above last leap note;Possible in species 3,5 when immediate with short notes;;;;;;;;;;;;;
1;192;1240;50;Melody;Compensated leap;Uncompensated leap: compensation deviation to 3nd;late >3;0;Compensation can be deviated one 3rd interval above last leap note;Deviation after compensation note X (2 for >5th);;;;;;;;;;;;;
1;120;35;0;Melody;Compensated leap;Uncompensated leap: compensation deviation to 3nd;3rd;-1;Compensation can be deviated one 3rd interval above last leap note;;5;;;;84;0;;;999;;;;
1;121;35;0;Melody;Compensated leap;Uncompensated leap: compensation deviation to 3nd;4th;-1;Compensation can be deviated one 3rd interval above last leap note;;5;;;;58;0;;;999;;;;
1;122;35;0;Melody;Compensated leap;Uncompensated leap: compensation deviation to 3nd;5th;-1;Compensation can be deviated one 3rd interval above last leap note;;5;;;;23;0;;;999;;;;
1;123;35;50;Melody;Compensated leap;Uncompensated leap: compensation deviation to 3nd;>5th;0;Compensation can be deviated one 3rd interval above last leap note;Possible in species 3,5 when immediate with short notes;5;;;;0;0;;;999;;;;
1;192;35;50;Melody;Compensated leap;Uncompensated leap: compensation deviation to 3nd;late >3;0;Compensation can be deviated one 3rd interval above last leap note;Deviation after compensation note X (2 for >5th);5;;;;0;0;;;;;;;
1;53;;0;Melody;Compensated leap;Compensation after 3rd;3rd;-1;Compensation has a gap of one 3rd below last leap note;;5;;;;44;0;;;;;;;
1;54;;0;Melody;Compensated leap;Compensation after 3rd;4th;-1;Compensation has a gap of one 3rd below last leap note;;5;;;;28;0;;;;;;;
1;55;;0;Melody;Compensated leap;Compensation after 3rd;5th;-1;Compensation has a gap of one 3rd below last leap note;;5;;;;41;0;;;;;;;
1;56;;0;Melody;Compensated leap;Compensation after 3rd;>5th;-1;Compensation has a gap of one 3rd below last leap note;;5;;;;32;0;;;;;;;
1;100;;0;Melody;Compensated leap;Compensated to 3rd prepared;-;0;Prepared within 5 notes;;5;;;;0;0;;;;;;;
1;101;;0;Melody;Compensated leap;Compensated to 3rd prepared;4th;-1;Prepared within 5 notes;;5;;;;94;0;;;;;;;
1;102;;0;Melody;Compensated leap;Compensated to 3rd prepared;5th;-1;Prepared within 5 notes;;5;;;;69;0;;;;;;;
1;103;;0;Melody;Compensated leap;Compensated to 3rd prepared;>5th;-1;Prepared within 5 notes;;5;;;;39;0;;;;;;;
1;104;;0;Melody;Compensated leap;Compensated to 3rd;-;0;;;5;;;;0;0;;;;;;;
1;105;;0;Melody;Compensated leap;Compensated to 3rd;4th;-1;;;5;;;;0;0;;;;;;;
1;106;;0;Melody;Compensated leap;Compensated to 3rd;5th;-1;;;5;;;;0;0;;;;;;;
1;107;;0;Melody;Compensated leap;Compensated to 3rd;>5th;-1;;;5;;;;0;0;;;;;;;
1;144;;0;Melody;Compensated leap;C5P last 4 measures, 8 notes;3rd;-1;Compensated to 5th, precompensated within 6 notes;;5;;;;0;0;;;;;;;
1;145;;0;Melody;Compensated leap;C5P last 4 measures, 8 notes;4th;-1;Compensated to 5th, precompensated within 6 notes;;5;;;;92;0;;;;;;;
1;146;;0;Melody;Compensated leap;C5P last 4 measures, 8 notes;5th;-1;Compensated to 5th, precompensated within 6 notes;;5;;;;127;0;;;;;;;
1;147;;0;Melody;Compensated leap;C5P last 4 measures, 8 notes;>5th;-1;Compensated to 5th, precompensated within 6 notes;;5;;;;40;0;;;;;;;
1;112;;0;Melody;Uncompensated leap;Uncompensated leap: precompensated;3rd;-1;;;5;;;;151;0;;;;;144,120,42;;
1;113;;0;Melody;Uncompensated leap;Uncompensated leap: precompensated;4th;-1;;;5;;;;19;0;;;;;145,121,43;;
1;114;;50;Melody;Uncompensated leap;Uncompensated leap: precompensated;5th;0;;;5;;;;8;0;;;;;146,122,44;;
1;115;;100;Melody;Uncompensated leap;Uncompensated leap: precompensated;>5th;0;;;5;;;;24;0;;;;;147,123,45;;
1;204;;0;Melody;Uncompensated leap;Precompensated last 2 leaps;3rd;-1;Leap within last X notes in cantus/counterpoint;;5;;;;78;0;;;;;;;
1;205;;0;Melody;Uncompensated leap;Precompensated last 2 leaps;4th;-1;Leap within last X notes in cantus/counterpoint;;5;;;;4;0;;;;;;;
1;206;;0;Melody;Uncompensated leap;Precompensated last 2 leaps;5th;-1;Leap within last X notes in cantus/counterpoint;;5;;;;2;0;;;;;;;
1;207;;0;Melody;Uncompensated leap;Precompensated last 2 leaps;>5th;-1;Leap within last X notes in cantus/counterpoint;;5;;;;8;0;;;;;;;
1;116;;0;Melody;Uncompensated leap;Uncompensated child leap;3rd;-1;After longer leap or before longer/same/one-note-smaller leap.;;5;;;;43;0;;;;;144,120,42;;
1;117;;0;Melody;Uncompensated leap;Uncompensated child leap;4th;-1;After longer leap or before longer/same/one-note-smaller leap.;;5;;;;45;0;;;;;145,121,43;;
1;118;;0;Melody;Uncompensated leap;Uncompensated child leap;5th;-1;After longer leap or before longer/same/one-note-smaller leap.;;5;;;;25;0;;;;;146,122,44;;
1;119;;0;Melody;Uncompensated leap;Uncompensated child leap;>5th;-1;After longer leap or before longer/same/one-note-smaller leap.;;5;;;;20;0;;;;;147,123,45;;
1;124;;0;Melody;Uncompensated leap;Uncompensated leap;3rd;-1;If no other uncompensated rules worked.;;5;;;;36;1;;;;;144,120,42;;
1;125;;0;Melody;Uncompensated leap;Uncompensated leap;4th;0;If no other uncompensated rules worked.;Possible in cantus;5;;;;39;1;;;;;145,121,43;;
1;126;;50;Melody;Uncompensated leap;Uncompensated leap;5th;0;If no other uncompensated rules worked.;;5;;;;60;1;;;;;146,122,44;;
1;127;;100;Melody;Uncompensated leap;Uncompensated leap;>5th;0;If no other uncompensated rules worked.;;5;;;;88;1;;;;;147,123,45;;
1;1;;0;Melody;Uncompensated leap;Uncompensated leap;start 3rd;-1;If no other uncompensated rules worked.;;5;;;;15;1;1;;;;;;
1;510;3;0;Melody;Change of melodic direction around leap;Close + aux turns around leap;3rd;1;There is immediate melody direction change before leap, but after leap melody direction changes only after one note, which goes in the same direction as leap;;5;;;;;;1;;;;;;
1;511;3;0;Melody;Change of melodic direction around leap;Close + aux turns around leap;4th;1;There is immediate melody direction change before leap, but after leap melody direction changes only after one note, which goes in the same direction as leap;;5;;;;;;1;;;;;;
1;512;3;0;Melody;Change of melodic direction around leap;Close + aux turns around leap;5th;1;There is immediate melody direction change before leap, but after leap melody direction changes only after one note, which goes in the same direction as leap;;5;;;;;;1;;;;;;
1;513;3;0;Melody;Change of melodic direction around leap;Close + aux turns around leap;>5th;1;There is immediate melody direction change before leap, but after leap melody direction changes only after one note, which goes in the same direction as leap;Not good for 8va;5;;;;;;1;;;;;;
1;128;;0;Melody;Change of melodic direction around leap;No change of direction after the leap: close + 1skip;3rd;-1;There is immediate melody direction change before leap, but after leap melody direction changes only after one note, which goes in the same direction as leap;;5;;;;126;0;;;;;510;;
1;129;;0;Melody;Change of melodic direction around leap;No change of direction after the leap: close + 1skip;4th;-1;There is immediate melody direction change before leap, but after leap melody direction changes only after one note, which goes in the same direction as leap;;5;;;;55;9;;;;;511;;
1;130;;0;Melody;Change of melodic direction around leap;No change of direction after the leap: close + 1skip;5th;-1;There is immediate melody direction change before leap, but after leap melody direction changes only after one note, which goes in the same direction as leap;;5;;;;38;5;;;;;512;;
1;131;;50;Melody;Change of melodic direction around leap;No change of direction after the leap: close + 1skip;>5th;0;There is immediate melody direction change before leap, but after leap melody direction changes only after one note, which goes in the same direction as leap;Not good for 8va;5;;;;27;12;1;;;;513;;
1;140;;0;Melody;Change of melodic direction around leap;No change of direction after the leap: close + 2skip;3rd;-1;There is immediate melody direction change before leap, but after leap melody direction changes only after two notes, which go in the same direction as leap;;5;;;;69;1;;;;;128,414,510;;
1;141;;0;Melody;Change of melodic direction around leap;No change of direction after the leap: close + 2skip;4th;-1;There is immediate melody direction change before leap, but after leap melody direction changes only after two notes, which go in the same direction as leap;;5;;;;29;1;;;;;129,415,511;;
1;142;;50;Melody;Change of melodic direction around leap;No change of direction after the leap: close + 2skip;5th;0;There is immediate melody direction change before leap, but after leap melody direction changes only after two notes, which go in the same direction as leap;;5;;;;13;3;1;;;;130,416,512;;
1;143;;100;Melody;Change of melodic direction around leap;No change of direction after the leap: close + 2skip;>5th;0;There is immediate melody direction change before leap, but after leap melody direction changes only after two notes, which go in the same direction as leap;;5;;;;6;4;1;;;;131,417,513;;
1;108;;0;Melody;Change of melodic direction around leap;No change of direction after the leap: close + >2skip;3rd;-1;There is immediate melody direction change before leap, but after leap melody direction changes after more than two notes, which go in the same direction as leap;;5;;;;73;0;;;;;128,140,414,510;;
1;109;;0;Melody;Change of melodic direction around leap;No change of direction after the leap: close + >2skip;4th;0;There is immediate melody direction change before leap, but after leap melody direction changes after more than two notes, which go in the same direction as leap;;5;;;;11;5;1;;;;129,141,415,511;;
1;110;;100;Melody;Change of melodic direction around leap;No change of direction after the leap: close + >2skip;5th;0;There is immediate melody direction change before leap, but after leap melody direction changes after more than two notes, which go in the same direction as leap;;5;;;;9;3;1;;;;130,142,416,512;;
1;111;;100;Melody;Change of melodic direction around leap;No change of direction after the leap: close + >2skip;>5th;0;There is immediate melody direction change before leap, but after leap melody direction changes after more than two notes, which go in the same direction as leap;;5;;;;2;1;1;;;;131,143,417,513;;
1;506;3;0;Melody;Change of melodic direction around leap;Aux + close turns around leap;3rd;1;There is immediate melody direction change after leap, but before leap melody direction changes after one note, which goes in the same direction as leap;;5;;;;;;1;;;;;;
1;507;3;0;Melody;Change of melodic direction around leap;Aux + close turns around leap;4th;1;There is immediate melody direction change after leap, but before leap melody direction changes after one note, which goes in the same direction as leap;;5;;;;;;1;;;;;;
1;508;3;0;Melody;Change of melodic direction around leap;Aux + close turns around leap;5th;1;There is immediate melody direction change after leap, but before leap melody direction changes after one note, which goes in the same direction as leap;;5;;;;;;1;;;;;;
1;509;3;0;Melody;Change of melodic direction around leap;Aux + close turns around leap;>5th;1;There is immediate melody direction change after leap, but before leap melody direction changes after one note, which goes in the same direction as leap;;5;;;;;;1;;;;;;
1;59;;0;Melody;Change of melodic direction around leap;No change of direction before the leap: 1skip + close;3rd;1;There is immediate melody direction change after leap, but before leap melody direction changes after one note, which goes in the same direction as leap;;5;;;;170;0;;;;;;;
1;60;;0;Melody;Change of melodic direction around leap;No change of direction before the leap: 1skip + close;4th;1;There is immediate melody direction change after leap, but before leap melody direction changes after one note, which goes in the same direction as leap;;5;;;;44;6;;;;;;;
1;61;;0;Melody;Change of melodic direction around leap;No change of direction before the leap: 1skip + close;5th;1;There is immediate melody direction change after leap, but before leap melody direction changes after one note, which goes in the same direction as leap;;5;;;;38;5;;;;;;;
1;62;;100;Melody;Change of melodic direction around leap;No change of direction before the leap: 1skip + close;>5th;0;There is immediate melody direction change after leap, but before leap melody direction changes after one note, which goes in the same direction as leap;;5;;;;23;10;1;;;;;;
1;132;;0;Melody;Change of melodic direction around leap;No change of direction before the leap: >1skip + close;3rd;-1;There is immediate melody direction change after leap, but before leap melody direction changes after more than one note, which go in the same direction as leap;;5;;;;185;0;;;;;;;
1;133;;0;Melody;Change of melodic direction around leap;No change of direction before the leap: >1skip + close;4th;1;There is immediate melody direction change after leap, but before leap melody direction changes after more than one note, which go in the same direction as leap;;5;;;;70;7;;;;;;;
1;134;;0;Melody;Change of melodic direction around leap;No change of direction before the leap: >1skip + close;5th;1;There is immediate melody direction change after leap, but before leap melody direction changes after more than one note, which go in the same direction as leap;;5;;;;36;6;;;;;;;
1;135;;50;Melody;Change of melodic direction around leap;No change of direction before the leap: >1skip + close;>5th;0;There is immediate melody direction change after leap, but before leap melody direction changes after more than one note, which go in the same direction as leap;;5;;;;13;4;1;;;;;;
1;63;;0;Melody;Change of melodic direction around leap;No change of direction before and after the leap: 1skip + 1skip;3rd;1;There is one note going in the same direction before and after leap;;5;;;;18;5;1;;;;59,414,506;;
1;64;;0;Melody;Change of melodic direction around leap;No change of direction before and after the leap: 1skip + 1skip;4th;0;There is one note going in the same direction before and after leap;;5;;;;6;2;1;;;;60,415,507;;
1;65;;50;Melody;Change of melodic direction around leap;No change of direction before and after the leap: 1skip + 1skip;5th;0;There is one note going in the same direction before and after leap;;5;;;;7;2;1;;;;61,416,508;;
1;66;;100;Melody;Change of melodic direction around leap;No change of direction before and after the leap: 1skip + 1skip;>5th;0;There is one note going in the same direction before and after leap;;5;;;;2;2;1;;;;62,417,509;;
1;391;;0;Melody;Change of melodic direction around leap;No change of direction before and after the leap: 1skip + >1skip;3rd;1;There is one note going in the same direction before leap and more than one note going in the same direction after leap;;5;;;;15;0;;;;;59,63,414,506;;
1;392;;0;Melody;Change of melodic direction around leap;No change of direction before and after the leap: 1skip + >1skip;4th;0;There is one note going in the same direction before leap and more than one note going in the same direction after leap;;5;;;;1;0;;;;;60,64,415,507;;
1;393;;50;Melody;Change of melodic direction around leap;No change of direction before and after the leap: 1skip + >1skip;5th;0;There is one note going in the same direction before leap and more than one note going in the same direction after leap;;5;;;;5;1;;;;;61,65,416,508;;
1;394;;100;Melody;Change of melodic direction around leap;No change of direction before and after the leap: 1skip + >1skip;>5th;0;There is one note going in the same direction before leap and more than one note going in the same direction after leap;;5;;;;1;0;;;;;62,66,417,509;;
1;148;;0;Melody;Change of melodic direction around leap;No change of direction before and after the leap: >1skip + 1skip;3rd;1;There is more than one note going in the same direction before leap and one note going in the same direction after leap;;5;;;;20;1;;;;;132;;
1;149;;0;Melody;Change of melodic direction around leap;No change of direction before and after the leap: >1skip + 1skip;4th;0;There is more than one note going in the same direction before leap and one note going in the same direction after leap;;5;;;;5;2;1;;;;133;;
1;150;;100;Melody;Change of melodic direction around leap;No change of direction before and after the leap: >1skip + 1skip;5th;0;There is more than one note going in the same direction before leap and one note going in the same direction after leap;;5;;;;4;2;1;;;;134;;
1;151;;100;Melody;Change of melodic direction around leap;No change of direction before and after the leap: >1skip + 1skip;>5th;0;There is more than one note going in the same direction before leap and one note going in the same direction after leap;;5;;;;0;0;1;;;;135;;
1;398;;0;Melody;Change of melodic direction around leap;No change of direction before and after the leap: >1skip + >1skip;3rd;1;There is more than one note going in the same direction before leap and more than one note going in the same direction after leap;;5;;;;6;0;;;;;132,148;;
1;399;;0;Melody;Change of melodic direction around leap;No change of direction before and after the leap: >1skip + >1skip;4th;0;There is more than one note going in the same direction before leap and more than one note going in the same direction after leap;;5;;;;1;1;;;;;133,149;;
1;400;;100;Melody;Change of melodic direction around leap;No change of direction before and after the leap: >1skip + >1skip;5th;0;There is more than one note going in the same direction before leap and more than one note going in the same direction after leap;;5;;;;3;3;;;;;134,150;;
1;401;;100;Melody;Change of melodic direction around leap;No change of direction before and after the leap: >1skip + >1skip;>5th;0;There is more than one note going in the same direction before leap and more than one note going in the same direction after leap;;5;;;;1;1;;;;;135,151;;
1;414;5;0;Melody;Change of melodic direction around leap;1skip turns around leap;3rd;1;1skip+close, close+1skip, 1skip+1skip;;5;;;;72;5;;;;;;;
1;415;5;0;Melody;Change of melodic direction around leap;1skip turns around leap;4th;1;1skip+close, close+1skip, 1skip+1skip;;5;;;;35;0;;;;;;;
1;416;5;0;Melody;Change of melodic direction around leap;1skip turns around leap;5th;1;1skip+close, close+1skip, 1skip+1skip;;5;;;;23;0;;;;;;;
1;417;5;0;Melody;Change of melodic direction around leap;1skip turns around leap;>5th;1;1skip+close, close+1skip, 1skip+1skip;;5;;;;11;4;;;;;;;
1;476;;50;Melody;Change of melodic direction around leap;No change of direction before the leap between measures: 1skip + close;3rd;0;There is immediate melody direction change after leap, but before leap melody direction changes after one note, which goes in the same direction as leap;;5;;;;;;1;;;;;;
1;477;;50;Melody;Change of melodic direction around leap;No change of direction before the leap between measures: 1skip + close;4th;0;There is immediate melody direction change after leap, but before leap melody direction changes after one note, which goes in the same direction as leap;;5;;;;;;1;;;;;;
1;478;;100;Melody;Change of melodic direction around leap;No change of direction before the leap between measures: 1skip + close;5th;0;There is immediate melody direction change after leap, but before leap melody direction changes after one note, which goes in the same direction as leap;;5;;;;;;1;;;;;;
1;479;;100;Melody;Change of melodic direction around leap;No change of direction before the leap between measures: 1skip + close;>5th;0;There is immediate melody direction change after leap, but before leap melody direction changes after one note, which goes in the same direction as leap;;5;;;;;;1;;;;;;
1;25;;50;Melody;Change of melodic direction around leap;No change of direction before the leap between measures: >1skip + close;3rd;0;There is immediate melody direction change after leap, but before leap melody direction changes after more than one note, which go in the same direction as leap;;5;;;;;;1;;;;;;
1;26;;50;Melody;Change of melodic direction around leap;No change of direction before the leap between measures: >1skip + close;4th;0;There is immediate melody direction change after leap, but before leap melody direction changes after more than one note, which go in the same direction as leap;;5;;;;;;1;;;;;;
1;27;;100;Melody;Change of melodic direction around leap;No change of direction before the leap between measures: >1skip + close;5th;0;There is immediate melody direction change after leap, but before leap melody direction changes after more than one note, which go in the same direction as leap;;5;;;;;;1;;;;;;
1;28;;100;Melody;Change of melodic direction around leap;No change of direction before the leap between measures: >1skip + close;>5th;0;There is immediate melody direction change after leap, but before leap melody direction changes after more than one note, which go in the same direction as leap;;5;;;;;;1;;;;;;
1;460;;50;Melody;Change of melodic direction around leap;No change of direction before the leap between measures: 1skip + 1skip;3rd;0;Turns around leap on measure border. There is one note going in the same direction before and after leap;;5;;;;0;0;1;;;;476;;
1;461;;50;Melody;Change of melodic direction around leap;No change of direction before the leap between measures: 1skip + 1skip;4th;0;Turns around leap on measure border. There is one note going in the same direction before and after leap;;5;;;;0;0;1;;;;477;;
1;462;;100;Melody;Change of melodic direction around leap;No change of direction before the leap between measures: 1skip + 1skip;5th;0;Turns around leap on measure border. There is one note going in the same direction before and after leap;;5;;;;0;0;1;;;;478;;
1;463;;100;Melody;Change of melodic direction around leap;No change of direction before the leap between measures: 1skip + 1skip;>5th;0;Turns around leap on measure border. There is one note going in the same direction before and after leap;;5;;;;1;1;1;;;;479;;
1;464;;50;Melody;Change of melodic direction around leap;No change of direction before the leap between measures: 1skip + >1skip;3rd;0;Turns around leap on measure border. There is one note going in the same direction before leap and more than one note going in the same direction after leap;;5;;;;1;1;1;;;;460,476;;
1;465;;50;Melody;Change of melodic direction around leap;No change of direction before the leap between measures: 1skip + >1skip;4th;0;Turns around leap on measure border. There is one note going in the same direction before leap and more than one note going in the same direction after leap;;5;;;;1;0;1;;;;461,477;;
1;466;;100;Melody;Change of melodic direction around leap;No change of direction before the leap between measures: 1skip + >1skip;5th;0;Turns around leap on measure border. There is one note going in the same direction before leap and more than one note going in the same direction after leap;;5;;;;0;0;1;;;;462,478;;
1;467;;100;Melody;Change of melodic direction around leap;No change of direction before the leap between measures: 1skip + >1skip;>5th;0;Turns around leap on measure border. There is one note going in the same direction before leap and more than one note going in the same direction after leap;;5;;;;0;0;1;;;;463,479;;
1;468;;50;Melody;Change of melodic direction around leap;No change of direction before the leap between measures: >1skip + 1skip;3rd;0;Turns around leap on measure border. There is more than one note going in the same direction before leap and one note going in the same direction after leap;;5;;;;6;3;1;;;;25;;
1;469;;50;Melody;Change of melodic direction around leap;No change of direction before the leap between measures: >1skip + 1skip;4th;0;Turns around leap on measure border. There is more than one note going in the same direction before leap and one note going in the same direction after leap;;5;;;;0;0;1;;;;26;;
1;470;;100;Melody;Change of melodic direction around leap;No change of direction before the leap between measures: >1skip + 1skip;5th;0;Turns around leap on measure border. There is more than one note going in the same direction before leap and one note going in the same direction after leap;;5;;;;1;1;1;;;;27;;
1;471;;100;Melody;Change of melodic direction around leap;No change of direction before the leap between measures: >1skip + 1skip;>5th;0;Turns around leap on measure border. There is more than one note going in the same direction before leap and one note going in the same direction after leap;;5;;;;0;0;1;;;;28;;
1;472;;50;Melody;Change of melodic direction around leap;No change of direction before the leap between measures: >1skip + >1skip;3rd;0;Turns around leap on measure border. There is more than one note going in the same direction before leap and more than one note going in the same direction after leap;;5;;;;1;0;1;;;;25,468;;
1;473;;50;Melody;Change of melodic direction around leap;No change of direction before the leap between measures: >1skip + >1skip;4th;0;Turns around leap on measure border. There is more than one note going in the same direction before leap and more than one note going in the same direction after leap;;5;;;;0;0;1;;;;26,469;;
1;474;;100;Melody;Change of melodic direction around leap;No change of direction before the leap between measures: >1skip + >1skip;5th;0;Turns around leap on measure border. There is more than one note going in the same direction before leap and more than one note going in the same direction after leap;;5;;;;0;0;1;;;;27,470;;
1;475;;100;Melody;Change of melodic direction around leap;No change of direction before the leap between measures: >1skip + >1skip;>5th;0;Turns around leap on measure border. There is more than one note going in the same direction before leap and more than one note going in the same direction after leap;;5;;;;0;0;1;;;;28,471;;
1;8;;0;Melody;Change of melodic direction around leap;Leap back;<=6th;-1;;After leap there is an immediate returning leap in the opposite direction. This returning leap is a 6th or shorter;5;;;;491;1;;;;;;;
1;22;;0;Melody;Change of melodic direction around leap;Leap back;>6th;-1;;After leap there is an immediate returning leap in the opposite direction. This returning leap is longer than 6th;5;;;;24;12;1;;;;;;
1;58;;0;Melody;Change of melodic direction around leap;Leap back;overflow;-1;;After leap there is an immediate returning leap in the opposite direction. This returning leap is longer than initial leap;5;;;;175;33;1;;;;;;
1;175;;0;Melody;Leaps;Non-permitted melodic interval: ascending;:m6;-1;;;5;;;;64;7;1;;;;;;
1;176;;0;Melody;Leaps;Non-permitted melodic interval: ascending;:maj6;-1;;;5;;;;71;6;1;;;;;;
1;177;;50;Melody;Leaps;Non-permitted melodic interval: ascending;:m7;0;;;5;;;;7;4;1;;;;;;
1;178;;100;Melody;Leaps;Non-permitted melodic interval: ascending;:maj7;0;;;5;;;;6;4;1;;;;;;
1;179;;0;Melody;Leaps;Non-permitted melodic interval: ascending;:8ve;-1;;;5;;;;33;6;1;;;;;;
1;180;;100;Melody;Leaps;Non-permitted melodic interval: ascending;:greater than 8ve;0;;;5;;;;6;6;1;;;;;;
1;181;;0;Melody;Leaps;Non-permitted melodic interval: descending;:m6;-1;;;5;;;;53;8;1;;;;;;
1;182;;0;Melody;Leaps;Non-permitted melodic interval: descending;:maj6;-1;;;5;;;;36;5;1;;;;;;
1;183;;50;Melody;Leaps;Non-permitted melodic interval: descending;:m7;0;;;5;;;;6;4;1;;;;;;
1;184;;100;Melody;Leaps;Non-permitted melodic interval: descending;:maj7;0;;;5;;;;3;1;1;;;;;;
1;185;;0;Melody;Leaps;Non-permitted melodic interval: descending;:8ve;-1;;;5;;;;31;6;1;;;;;;
1;186;;100;Melody;Leaps;Non-permitted melodic interval: descending;:greater than 8ve;0;;;5;;;;4;4;1;;;;;;
1;493;0;0;Melody;Leaps;Abuse of disjunct motion: within 9 notes;>7 leaps;0;;;;;;;;;;;;;;;
1;494;0;0;Melody;Leaps;Abuse of disjunct motion: within 9 notes;>30 leaped;0;;Total leaps length more than X notes:  3 is third, 4 is fourth and so on;;;;;;;;;;;;;
1;495;0;50;Melody;Leaps;Abuse of disjunct motion: within 9 notes;>8 leaps;0;;;;;;;;;;;;;;;
1;496;0;50;Melody;Leaps;Abuse of disjunct motion: within 9 notes;>36 leaped;0;;Total leaps length more than X notes:  3 is third, 4 is fourth and so on;;;;;;;;;;;;;
1;493;1;0;Melody;Leaps;Abuse of disjunct motion: within 9 notes;>6 leaps;0;;;;;;;;;;;;;;;
1;494;1;0;Melody;Leaps;Abuse of disjunct motion: within 9 notes;>30 leaped;0;;Total leaps length more than X notes:  3 is third, 4 is fourth and so on;;;;;;;;;;;;;
1;495;1;50;Melody;Leaps;Abuse of disjunct motion: within 9 notes;>8 leaps;0;;;;;;;;;;;;;;;
1;496;1;50;Melody;Leaps;Abuse of disjunct motion: within 9 notes;>36 leaped;0;;Total leaps length more than X notes:  3 is third, 4 is fourth and so on;;;;;;;;;;;;;
1;493;2;50;Melody;Leaps;Abuse of disjunct motion: within 9 notes;>6 leaps;0;;;;;;;;;;;;;;;
1;494;2;50;Melody;Leaps;Abuse of disjunct motion: within 9 notes;>22 leaped;0;;Total leaps length more than X notes:  3 is third, 4 is fourth and so on;;;;;;;;;;;;;
1;495;2;100;Melody;Leaps;Abuse of disjunct motion: within 9 notes;>7 leaps;0;;;;;;;;;;;;;;;
1;496;2;100;Melody;Leaps;Abuse of disjunct motion: within 9 notes;>30 leaped;0;;Total leaps length more than X notes:  3 is third, 4 is fourth and so on;;;;;;;;;;;;;
1;493;3;50;Melody;Leaps;Abuse of disjunct motion: within 9 notes;>6 leaps;0;;;;;;;;;;;;;;;
1;494;3;50;Melody;Leaps;Abuse of disjunct motion: within 9 notes;>22 leaped;0;;Total leaps length more than X notes:  3 is third, 4 is fourth and so on;;;;;;;;;;;;;
1;495;3;100;Melody;Leaps;Abuse of disjunct motion: within 9 notes;>6 leaps;0;;;;;;;;;;;;;;;
1;496;3;100;Melody;Leaps;Abuse of disjunct motion: within 9 notes;>22 leaped;0;;Total leaps length more than X notes:  3 is third, 4 is fourth and so on;;;;;;;;;;;;;
1;493;4;0;Melody;Leaps;Abuse of disjunct motion: within 9 notes;>7 leaps;0;;;;;;;;;;;;;;;
1;494;4;0;Melody;Leaps;Abuse of disjunct motion: within 9 notes;>30 leaped;0;;Total leaps length more than X notes:  3 is third, 4 is fourth and so on;;;;;;;;;;;;;
1;495;4;50;Melody;Leaps;Abuse of disjunct motion: within 9 notes;>8 leaps;0;;;;;;;;;;;;;;;
1;496;4;50;Melody;Leaps;Abuse of disjunct motion: within 9 notes;>36 leaped;0;;Total leaps length more than X notes:  3 is third, 4 is fourth and so on;;;;;;;;;;;;;
1;493;5;0;Melody;Leaps;Abuse of disjunct motion: within 9 notes;>7 leaps;0;;;10;;;!srn!;10;0;;;;1;;;
1;494;5;0;Melody;Leaps;Abuse of disjunct motion: within 9 notes;>30 leaped;0;;Total leaps length more than X notes:  3 is third, 4 is fourth and so on;10;;;Many leaps;11;0;;;;1;;;
1;495;5;50;Melody;Leaps;Abuse of disjunct motion: within 9 notes;>8 leaps;0;;;10;;;!srn!;0;0;;;;1;493;;
1;496;5;50;Melody;Leaps;Abuse of disjunct motion: within 9 notes;>36 leaped;0;;Total leaps length more than X notes:  3 is third, 4 is fourth and so on;10;;;Many leaps;0;0;;;;1;494;;
1;497;0;0;Melody;Leaps;Abuse of disjunct motion: within 14 notes;>9 leaps;0;;;;;;;;;;;;;;;
1;498;0;0;Melody;Leaps;Abuse of disjunct motion: within 14 notes;>40 leaped;0;;Total leaps length more than X notes:  3 is third, 4 is fourth and so on;;;;;;;;;;;;;
1;499;0;50;Melody;Leaps;Abuse of disjunct motion: within 14 notes;>10 leaps;0;;;;;;;;;;;;;;;
1;500;0;50;Melody;Leaps;Abuse of disjunct motion: within 14 notes;>46 leaped;0;;Total leaps length more than X notes:  3 is third, 4 is fourth and so on;;;;;;;;;;;;;
1;497;1;0;Melody;Leaps;Abuse of disjunct motion: within 14 notes;>8 leaps;0;;;;;;;;;;;;;;;
1;498;1;0;Melody;Leaps;Abuse of disjunct motion: within 14 notes;>40 leaped;0;;Total leaps length more than X notes:  3 is third, 4 is fourth and so on;;;;;;;;;;;;;
1;499;1;50;Melody;Leaps;Abuse of disjunct motion: within 14 notes;>10 leaps;0;;;;;;;;;;;;;;;
1;500;1;50;Melody;Leaps;Abuse of disjunct motion: within 14 notes;>46 leaped;0;;Total leaps length more than X notes:  3 is third, 4 is fourth and so on;;;;;;;;;;;;;
1;497;2;50;Melody;Leaps;Abuse of disjunct motion: within 14 notes;>8 leaps;0;;;;;;;;;;;;;;;
1;498;2;50;Melody;Leaps;Abuse of disjunct motion: within 14 notes;>32 leaped;0;;Total leaps length more than X notes:  3 is third, 4 is fourth and so on;;;;;;;;;;;;;
1;499;2;100;Melody;Leaps;Abuse of disjunct motion: within 14 notes;>8 leaps;0;;;;;;;;;;;;;;;
1;500;2;100;Melody;Leaps;Abuse of disjunct motion: within 14 notes;>32 leaped;0;;Total leaps length more than X notes:  3 is third, 4 is fourth and so on;;;;;;;;;;;;;
1;497;3;50;Melody;Leaps;Abuse of disjunct motion: within 14 notes;>8 leaps;0;;;;;;;;;;;;;;;
1;498;3;50;Melody;Leaps;Abuse of disjunct motion: within 14 notes;>32 leaped;0;;Total leaps length more than X notes:  3 is third, 4 is fourth and so on;;;;;;;;;;;;;
1;499;3;100;Melody;Leaps;Abuse of disjunct motion: within 14 notes;>8 leaps;0;;;;;;;;;;;;;;;
1;500;3;100;Melody;Leaps;Abuse of disjunct motion: within 14 notes;>32 leaped;0;;Total leaps length more than X notes:  3 is third, 4 is fourth and so on;;;;;;;;;;;;;
1;497;4;0;Melody;Leaps;Abuse of disjunct motion: within 14 notes;>9 leaps;0;;;;;;;;;;;;;;;
1;498;4;0;Melody;Leaps;Abuse of disjunct motion: within 14 notes;>40 leaped;0;;Total leaps length more than X notes:  3 is third, 4 is fourth and so on;;;;;;;;;;;;;
1;499;4;50;Melody;Leaps;Abuse of disjunct motion: within 14 notes;>10 leaps;0;;;;;;;;;;;;;;;
1;500;4;50;Melody;Leaps;Abuse of disjunct motion: within 14 notes;>46 leaped;0;;Total leaps length more than X notes:  3 is third, 4 is fourth and so on;;;;;;;;;;;;;
1;497;5;0;Melody;Leaps;Abuse of disjunct motion: within 14 notes;>9 leaps;0;;;10;;;!srn!;6;0;;;;1;;;
1;498;5;0;Melody;Leaps;Abuse of disjunct motion: within 14 notes;>40 leaped;0;;Total leaps length more than X notes:  3 is third, 4 is fourth and so on;10;;;Many leaps;5;0;;;;1;;;
1;499;5;50;Melody;Leaps;Abuse of disjunct motion: within 14 notes;>10 leaps;0;;;10;;;!srn!;0;0;;;;1;497;;
1;500;5;50;Melody;Leaps;Abuse of disjunct motion: within 14 notes;>46 leaped;0;;Total leaps length more than X notes:  3 is third, 4 is fourth and so on;10;;;Many leaps;0;0;;;;1;498;;
1;501;120;50;Melody;Leaps;Consecutive leaps;3;0;0x3rd ignored;;;;;;;;;;;;;;
1;502;120;100;Melody;Leaps;Consecutive leaps;more than 3;0;0x3rd ignored;;;;;;;;;;;;;;
1;501;34;50;Melody;Leaps;Consecutive leaps;3;0;1x3rd ignored;;;;;;;;;;;;;;
1;502;34;100;Melody;Leaps;Consecutive leaps;more than 3;0;1x3rd ignored;;;;;;;;;;;;;;
1;501;5;50;Melody;Leaps;Consecutive leaps;4;0;1x3rd ignored;;10;;;Consecutive leaps;28;0;;;;1;;;
1;502;5;100;Melody;Leaps;Consecutive leaps;more than 4;0;1x3rd ignored;;10;;;Consecutive leaps;8;0;;;;1;501;;
1;503;1230;50;Melody;Leaps;Consecutive unidirectional leaps;2 x 3rds;0;;;;;;;;;;;;;;;
1;504;1230;100;Melody;Leaps;Consecutive unidirectional leaps;>2 x 3rds;0;;;;;;;;;;;;;;;
1;505;1230;100;Melody;Leaps;Consecutive unidirectional leaps;2 x >3rds;0;;Two consecutive unidirectional leaps, while one of them is longer than 3rd;;;;;;;;;;;;;
1;503;45;0;Melody;Leaps;Consecutive unidirectional leaps;2 x 3rds;0;;;10;;;2 x 3rds;92;30;1;;;;;;
1;504;45;100;Melody;Leaps;Consecutive unidirectional leaps;>2 x 3rds;0;;;10;;;3 x 3rds;10;0;1;;;;503;;
1;505;45;100;Melody;Leaps;Consecutive unidirectional leaps;2 x >3rds;0;;Two consecutive unidirectional leaps, while one of them is longer than 3rd;10;;;Unidir. leaps;64;34;1;;;;;;
1;4;0;0;Melody;Stepwise motion;Abuse of stepwise motion;>7 in any direction;0;There are more than X notes going stepwize in the same direction in this cantus firmus;Stepwise motion more than X notes in any direction in cantus;10;;;Long stepwise;0;0;;1;999;;;;
1;5;0;0;Melody;Stepwise motion;Abuse of stepwise motion;>4 in one direction;0;There are more than X notes going stepwize in the same direction in this cantus firmus;Stepwise motion more than X notes in one direction in cantus;10;;;Long stepwise;0;0;;1;;;;;
1;302;14;50;Melody;Stepwise motion;Abuse of stepwise motion;>10 in any direction;0;;Stepwise motion more than X notes in any direction;;;;;;;;;;;;;
1;302;2;50;Melody;Stepwise motion;Abuse of stepwise motion;>12 in any direction;0;;Stepwise motion more than X notes in any direction;;;;;;;;;;;;;
1;302;35;50;Melody;Stepwise motion;Abuse of stepwise motion;>14 in any direction;0;;Stepwise motion more than X notes in any direction;10;;;Long stepwise;15;0;;;;;;;
1;303;14;50;Melody;Stepwise motion;Abuse of unidirectional stepwise motion;>7 in one direction;0;;Stepwise motion more than X notes in one direction;;;;;;;;;;;;;
1;303;2;50;Melody;Stepwise motion;Abuse of unidirectional stepwise motion;>7 in one direction;0;;Stepwise motion more than X notes in one direction;;;;;;;;;;;;;
1;303;35;50;Melody;Stepwise motion;Abuse of unidirectional stepwise motion;>7 in one direction;0;;Stepwise motion more than X notes in one direction;10;;;Long stepwise;6;0;;;;;;;
1;402;104;100;Melody;Melodic repeats;Repetition - 2 notes are repeated: adjacent;uniform;0;Two adjacent notes are immediately repeated;Length of first three notes is the same;;;;;;;;;;;;;
1;403;104;50;Melody;Melodic repeats;Repetition - 2 notes are repeated: adjacent;same rhythm;0;Two adjacent notes are immediately repeated;Length of first and third notes is the same;;;;;;;;;;;;;
1;404;104;0;Melody;Melodic repeats;Repetition - 2 notes are repeated: adjacent;any rhythm;1;Two adjacent notes are immediately repeated;;;;;;;;;;;;;;
1;402;3;0;Melody;Melodic repeats;Repetition - 2 notes are repeated: adjacent;uniform;0;Two adjacent notes are immediately repeated;Length of first three notes is the same;;;;;;;;;;;;;
1;403;3;0;Melody;Melodic repeats;Repetition - 2 notes are repeated: adjacent;same rhythm;0;Two adjacent notes are immediately repeated;Length of first and third notes is the same;;;;;;;;;;;;;
1;404;3;0;Melody;Melodic repeats;Repetition - 2 notes are repeated: adjacent;any rhythm;1;Two adjacent notes are immediately repeated;;;;;;;;;;;;;;
1;402;2;50;Melody;Melodic repeats;Repetition - 2 notes are repeated: adjacent;uniform;0;Two adjacent notes are immediately repeated;Length of first three notes is the same;;;;;;;;;;;;;
1;403;2;50;Melody;Melodic repeats;Repetition - 2 notes are repeated: adjacent;same rhythm;0;Two adjacent notes are immediately repeated;Length of first and third notes is the same;;;;;;;;;;;;;
1;404;2;0;Melody;Melodic repeats;Repetition - 2 notes are repeated: adjacent;any rhythm;1;Two adjacent notes are immediately repeated;;;;;;;;;;;;;;
1;411;23;50;Melody;Melodic repeats;Repetition - 2 notes are repeated: adjacent IM;uniform;0;Two adjacent notes are immediately repeated inside one measure;Length of first three notes is the same;;;;;;;;;;;;;
1;412;23;50;Melody;Melodic repeats;Repetition - 2 notes are repeated: adjacent IM;same rhythm;0;Two adjacent notes are immediately repeated inside one measure;Length of first and third notes is the same;;;;;;;;;;;;;
1;413;23;0;Melody;Melodic repeats;Repetition - 2 notes are repeated: adjacent IM;any rhythm;0;Two adjacent notes are immediately repeated inside one measure;;;;;;;;;;;;;;
1;402;5;50;Melody;Melodic repeats;Repetition - 2 notes are repeated: adjacent;uniform;0;Two adjacent notes are immediately repeated;Length of first three notes is the same;3;;;;97;41;1;;;;;;
1;403;5;0;Melody;Melodic repeats;Repetition - 2 notes are repeated: adjacent;same rhythm;0;Two adjacent notes are immediately repeated;Length of first and third notes is the same;3;;;;12;4;1;;;;;;
1;404;5;0;Melody;Melodic repeats;Repetition - 2 notes are repeated: adjacent;any rhythm;1;Two adjacent notes are immediately repeated;;3;;;;35;12;1;;;;;;
1;411;5;50;Melody;Melodic repeats;Repetition - 2 notes are repeated: adjacent IM;uniform;0;Two adjacent notes are immediately repeated inside one measure;Length of first three notes is the same;3;;;;7;4;1;;;;;;
1;412;5;50;Melody;Melodic repeats;Repetition - 2 notes are repeated: adjacent IM;same rhythm;0;Two adjacent notes are immediately repeated inside one measure;Length of first and third notes is the same;3;;;;0;0;1;;;;;;
1;413;5;0;Melody;Melodic repeats;Repetition - 2 notes are repeated: adjacent IM;any rhythm;0;Two adjacent notes are immediately repeated inside one measure;;3;;;;2;1;1;;999;;;;
1;311;;0;Melody;Melodic repeats;Repetition - 3 notes are repeated 2 times;adjacent;0;Repeat with the same rhythm (last note length is ignored);;3;;;;;;;;;;;;
1;405;;0;Melody;Melodic repeats;Repetition - 3 notes are repeated 2 times;symmetric;0;Repeat with the same rhythm (last note length is ignored);Non-adjacent repeat in sp2-5;3;;;;;;;;;;;;
1;313;;50;Melody;Melodic repeats;Repetition - 3 notes are repeated 3 times;adjacent;0;Repeat with the same rhythm (last note length is ignored);;3;;;;;;;;;;311,405;;
1;407;;50;Melody;Melodic repeats;Repetition - 3 notes are repeated 3 times;symmetric;0;Repeat with the same rhythm (last note length is ignored);Non-adjacent repeat in sp2-5;3;;;;;;;;;;311,405;;
1;312;;0;Melody;Melodic repeats;Repetition - 4 notes are repeated 2 times;adjacent;0;Repeat with the same rhythm (last note length is ignored);;3;;;;;;;;;;;;
1;406;;0;Melody;Melodic repeats;Repetition - 4 notes are repeated 2 times;symmetric;0;Repeat with the same rhythm (last note length is ignored);Non-adjacent repeat in sp2-5;3;;;;;;;;;;;;
1;314;;50;Melody;Melodic repeats;Repetition - 4 notes are repeated 3 times;adjacent;0;Repeat with the same rhythm (last note length is ignored);;3;;;;;;;;;;312,406;;
1;408;;50;Melody;Melodic repeats;Repetition - 4 notes are repeated 3 times;symmetric;0;Repeat with the same rhythm (last note length is ignored);Non-adjacent repeat in sp2-5;3;;;;;;;;;;312,406;;
1;193;;0;Melody;Melodic repeats;Melodic climax;early 50%;-1;;Only for upper voice;;;;;192;0;;;;1;;;
1;79;;0;Melody;Melodic repeats;Melodic climax;early <5;-1;;Only for upper voice;;;;;94;0;;;;1;;;
1;78;;0;Melody;Melodic repeats;Melodic climax;early <3;-1;;Only for upper voice;;;;;71;1;;;;1;;;
1;21;;0;Melody;Melodic repeats;Melodic climax;late 3;-1;;Only for upper voice;;;;;198;1;;;;1;;;
1;6;;0;Melody;Melodic repeats;Melodic climax;sync;-1;;Synchronized culminations in both voices;;;;;;;;;;1;;;
1;305;;0;Melody;Melodic repeats;Melodic climax is repeated;in lower part;0;;Multiple culminations in lower voice;;;;;47;13;1;;;;;;
1;12;;100;Melody;Melodic repeats;Melodic climax is repeated;in upper part;0;;Multiple culminations in higher voice;;;;;108;39;1;;;;21,78,79,193;;
1;70;;50;Melody;Melodic repeats;Frequent return to the tonic;3 within 6;0;More than X tonic notes within Y adjacent notes;X tonic note equivalents within Y notes. Less weight is assigned to a tonic note in species 3,5 if all conditions meet:  There is no leap above M3 to this tonic note. This tonic note is not a local culmination. This tonic note is not longer than previous note. This tonic note is not downbeat. Tonic note length is less than half note.;9;;;Many tonics;;;;;;;;;
1;71;;50;Melody;Melodic repeats;Frequent return to the tonic;4 within 12;0;More than X tonic notes within Y adjacent notes;X tonic note equivalents within Y notes. Less weight is assigned to a tonic note in species 3,5 if all conditions meet:  There is no leap above M3 to this tonic note. This tonic note is not a local culmination. This tonic note is not longer than previous note. This tonic note is not downbeat. Tonic note length is less than half note.;9;;;Many tonics;;;;;;;;;
1;348;;50;Melody;Melodic repeats;Octave leap to the leading tone;LT 8ve leap;0;;Octave leap between leading tones;5;;;;2;2;1;;;;;;
1;10;;0;Melody;Melodic repeats;Frequent return to the same note;>3 in 7 notes;-1;Same note repeats more than X times within Y adjacent notes;;9;;;Stagnation;39;1;;1;;;;;
1;39;;50;Melody;Melodic repeats;Frequent return to the same note;>4 in 9 notes;0;Same note repeats more than X times within Y adjacent notes;;9;;;Stagnation;21;0;;;;;;;
1;344;;0;Melody;Melodic repeats;Notes stagnation;5 notes <3 pi;0;;X consecutive notes use less than Y pitches;9;;;Stagnation;17;0;;;;;;;
1;345;;0;Melody;Melodic repeats;Notes stagnation;7 notes <4 pi;0;;X consecutive notes use less than Y pitches;9;;;Stagnation;27;0;;;;;;;
1;346;;0;Melody;Melodic repeats;Notes stagnation;17 notes <6 pi;0;;X consecutive notes use less than Y pitches;9;;;Stagnation;3;0;;;;;;;
1;2;10;50;Melody;Tritone;Tritone: adjacent;:resolved;0;Melodic adjacent tritone;Search 4 quarters for resolution if penultimate measure;13;;;tri;8;2;1;;;;;;
1;31;10;100;Melody;Tritone;Tritone: adjacent;:unresolved;0;Melodic adjacent tritone;;13;;;tri;29;3;;;;;2;;
1;32;10;0;Melody;Tritone;Tritone: adjacent;on climax;0;Melodic adjacent tritone;Local climax;13;;;tri;17;5;1;;;;;;
1;371;10;0;Melody;Tritone;Audible tritone: framed;:resolved;0;Melodic tritone with one intermediate note, framed by two melody direction changes or leaps;;13;;;tri;19;2;;;;;;;
1;372;10;50;Melody;Tritone;Audible tritone: framed;:unresolved;0;Melodic tritone with one intermediate note, framed by two melody direction changes or leaps;;13;;;tri;38;2;;;;;371;;
1;373;10;0;Melody;Tritone;Audible tritone: framed;on climax;0;Melodic tritone with one intermediate note, framed by two melody direction changes or leaps;;13;;;tri;33;4;;;;;;;
1;368;2345;50;Melody;Tritone;Tritone: adjacent;:resolved;0;Melodic adjacent tritone, not accented or framed;;13;;;tri;3;1;;;;;;;
1;369;2345;100;Melody;Tritone;Tritone: adjacent;:unresolved;0;Melodic adjacent tritone, not accented or framed;;13;;;tri;6;2;;;;;368;;
1;370;2345;0;Melody;Tritone;Tritone: adjacent;on climax;0;Melodic adjacent tritone, not accented or framed;;13;;;tri;2;2;;;;;;;
1;365;2345;50;Melody;Tritone;Tritone: adjacent framed;:resolved;0;Melodic adjacent tritone, framed by two melody direction changes;;13;;;tri;18;4;;;;;;;
1;366;2345;100;Melody;Tritone;Tritone: adjacent framed;:unresolved;0;Melodic adjacent tritone, framed by two melody direction changes;;13;;;tri;20;5;;;;;365;;
1;367;2345;0;Melody;Tritone;Tritone: adjacent framed;on climax;0;Melodic adjacent tritone, framed by two melody direction changes;;13;;;tri;7;4;;;;;;;
1;360;2345;50;Melody;Tritone;Tritone: adjacent accented;:resolved;0;Melodic adjacent tritone, last note is long or repeated;;13;;;tri;1;0;1;;;;368;;
1;361;2345;100;Melody;Tritone;Tritone: adjacent accented;:unresolved;0;Melodic adjacent tritone, last note is long or repeated;;13;;;tri;8;3;1;;;;360,368,369;;
1;362;2345;0;Melody;Tritone;Tritone: adjacent accented;on climax;0;Melodic adjacent tritone, last note is long or repeated;;13;;;tri;4;1;;;;;;;
1;18;2345;0;Melody;Tritone;Audible tritone: framed;:resolved;0;Tritone within measure with intermediate notes, framed by two melody direction changes;;13;;;tri;4;0;1;;;;;;
1;19;2345;50;Melody;Tritone;Audible tritone: framed;:unresolved;0;Tritone within measure with intermediate notes, framed by two melody direction changes;;13;;;tri;33;21;1;;;;18;;
1;363;2345;0;Melody;Tritone;Audible tritone: framed;on climax;0;Tritone within measure with intermediate notes, framed by two melody direction changes;;13;;;tri;8;2;;;;;;;
1;342;2345;0;Melody;Tritone;Audible tritone: accented;:resolved;0;Tritone within measure with intermediate notes, last note is long or repeated;;13;;;tri;0;0;;;;;;;
1;343;2345;50;Melody;Tritone;Audible tritone: accented;:unresolved;0;Tritone within measure with intermediate notes, last note is long or repeated;;13;;;tri;7;2;1;;;;342;;
1;364;2345;0;Melody;Tritone;Audible tritone: accented;on climax;0;Tritone within measure with intermediate notes, last note is long or repeated;;13;;;tri;1;1;;;;;;;
1;67;;0;Melody;Range;Skipped notes;1;-1;Skipped notes that do not appear within this voice;;;;;;174;45;1;;;;;;
1;68;;0;Melody;Range;Skipped notes;>1;-1;Skipped notes that do not appear within this voice;;;;;;20;10;1;;;;;;
1;69;;0;Melody;Range;Skipped notes;>1 joined;0;Skipped notes that do not appear within this voice;;;;;;69;24;1;;;;;;
1;38;;0;Melody;Range;Vocal range;voice <m6;0;;Only if voice is at least 8 notes and 4 measures long. Voice range below m6 is acceptable for cantus up to 10 notes;9;;;Stagnation;96;2;;;;;;;
1;37;;0;Melody;Range;Vocal range: cantus;cf >M9;0;;Cantus firmus voice range;;;;;28;1;;;;;;;
1;304;;50;Melody;Range;Vocal range: counterpoint part;:greater than M12;0;;Counterpoint voice range;;;;;4;1;;;;;;;
1;7;;0;Melody;Range;Vocal range: both parts;sum >22th;0;;Aggregate pitch range of both voices in this counterpoint;;;;;2;1;;;;;;;
1;11;;0;Melody;Range;Interval between parts;int >16th;0;;Interval between counterpoint voices.  Maximum burst interval is 17th during 3 notes  Perfect: int >8va (burst 12th during 3 notes) Good: int >12va (burst 15th during 3 notes);12;;;!srn!;29;1;;;;1;;;
1;434;0;100;Melody;Range;Stagnation;5 notes <m3;0;;X consecutive notes have total pitch range less than Y;9;;;Stagnation;2;0;;;;;;;
1;435;0;50;Melody;Range;Stagnation;7 notes <4th;0;;X consecutive notes have total pitch range less than Y;9;;;Stagnation;7;0;;;;;;;
1;436;0;50;Melody;Range;Stagnation;11 notes <5th;0;;X consecutive notes have total pitch range less than Y;9;;;Stagnation;3;0;;;;;;;
1;437;0;0;Melody;Range;Stagnation;15 notes <m6;0;;X consecutive notes have total pitch range less than Y;9;;;Stagnation;3;0;;;;;;;
1;438;1;100;Melody;Range;Stagnation;5 notes <m3;0;;X consecutive notes have total pitch range less than Y;9;;;Stagnation;4;0;;;;;;;
1;439;1;50;Melody;Range;Stagnation;7 notes <4th;0;;X consecutive notes have total pitch range less than Y;9;;;Stagnation;2;0;;;;;;;
1;440;1;50;Melody;Range;Stagnation;11 notes <5th;0;;X consecutive notes have total pitch range less than Y;9;;;Stagnation;0;0;;;;;;;
1;441;1;0;Melody;Range;Stagnation;15 notes <m6;0;;X consecutive notes have total pitch range less than Y;9;;;Stagnation;1;0;;;;;;;
1;442;2;100;Melody;Range;Stagnation;5 notes <m3;0;;X consecutive notes have total range less than Y;9;;;Stagnation;1;0;;;;;;;
1;443;2;50;Melody;Range;Stagnation;8 notes <4th;0;;X consecutive notes have total pitch range less than Y;9;;;Stagnation;2;0;;;;;;;
1;444;2;50;Melody;Range;Stagnation;11 notes <5th;0;;X consecutive notes have total pitch range less than Y;9;;;Stagnation;2;0;;;;;;;
1;445;2;0;Melody;Range;Stagnation;17 notes <m6;0;;X consecutive notes have total pitch range less than Y;9;;;Stagnation;0;0;;;;;;;
1;446;3;100;Melody;Range;Stagnation;5 notes <m3;0;;X consecutive notes have total range less than Y;9;;;Stagnation;3;0;;;;;;;
1;447;3;50;Melody;Range;Stagnation;9 notes <4th;0;;X consecutive notes have total pitch range less than Y;9;;;Stagnation;2;0;;;;;;;
1;448;3;50;Melody;Range;Stagnation;12 notes <5th;0;;X consecutive notes have total pitch range less than Y;9;;;Stagnation;1;0;;;;;;;
1;449;3;0;Melody;Range;Stagnation;19 notes <m6;0;;X consecutive notes have total pitch range less than Y;9;;;Stagnation;0;0;;;;;;;
1;450;4;100;Melody;Range;Stagnation;5 notes <m3;0;;X consecutive notes have total range less than Y;9;;;Stagnation;2;0;;;;;;;
1;451;4;50;Melody;Range;Stagnation;7 notes <4th;0;;X consecutive notes have total pitch range less than Y;9;;;Stagnation;1;0;;;;;;;
1;452;4;50;Melody;Range;Stagnation;11 notes <5th;0;;X consecutive notes have total pitch range less than Y;9;;;Stagnation;1;0;;;;;;;
1;453;4;0;Melody;Range;Stagnation;15 notes <m6;0;;X consecutive notes have total pitch range less than Y;9;;;Stagnation;1;0;;;;;;;
1;454;5;100;Melody;Range;Stagnation;5 notes <m3;0;;X consecutive notes have total range less than Y;9;;;Stagnation;5;0;;;;;;;
1;455;5;50;Melody;Range;Stagnation;9 notes <4th;0;;X consecutive notes have total pitch range less than Y;9;;;Stagnation;5;0;;;;;;;
1;456;5;50;Melody;Range;Stagnation;14 notes <5th;0;;X consecutive notes have total pitch range less than Y;9;;;Stagnation;6;0;;;;;;;
1;457;5;0;Melody;Range;Stagnation;19 notes <m6;0;;X consecutive notes have total pitch range less than Y;9;;;Stagnation;6;0;;;;;;;
1;15;;0;Melody;Range;No melody development;12 notes <12;0;;Averaged melody direction within X notes is less than Y deci-semitones;9;;;Stagnation;36;2;;1;;1;;;
1;16;;0;Melody;Range;No melody development;15 notes <15;0;;Averaged melody direction within X notes is less than Y deci-semitones;9;;;Stagnation;20;1;;1;;;;;
1;74;;50;Melody;Minor;bVII degree;:before the tonic;0;;Before tonic note: next (or second to next in cadence);8;;;VIIb, not LT;31;4;1;;;;;;
1;200;;0;Melody;Minor;bVII degree;10 after VII#;0;;X notes after VII# note;8;;;VII after VII#;28;7;;;;;;;
1;349;;0;Melody;Minor;bVII degree near VI# degree;4 notes before;0;;X notes before VI#;8;;;VII near VI#;52;1;;;;;;;
1;350;;0;Melody;Minor;bVII degree near VI# degree;4 notes after;0;;X notes after VI#;8;;;VII near VI#;43;0;;;;;;;
1;199;;0;Melody;Minor;VI# degree without close VII# degree;within 2 notes;0;There is no VII# note before or after VI# note in close proximity;;;;;;65;2;;;;;;;
1;201;12350;0;Melody;Minor;Note not stepwise ascending;VI#;0;Harmonic VI# note is not surrounded by stepwise diatonic ascending movement;;8;;;VI# not asc.;9;2;;;;;;;
1;202;12350;0;Melody;Minor;Note not stepwise descending;VII natural;0;Harmonic VII natural note is not surrounded by stepwise diatonic descending movement;;8;;;VII not desc.;;;;;;;;;
1;152;;100;Melody;Minor;Chromaticism: close;VI<->VI#;0;These two notes are tightly close;Chromatic;8;;;!srn!;1;1;1;;;;;;
1;153;;100;Melody;Minor;Chromaticism: close;VII<->VII#;0;These two notes are tightly close;Chromatic;8;;;!srn!;3;2;1;;;;;;
1;158;;100;Melody;Minor;Chromaticism: far;VI<->VI#;0;These two notes are one note apart;;8;;;!srn!;7;3;1;;;;;;
1;159;;100;Melody;Minor;Chromaticism: far;VII<->VII#;0;These two notes are one note apart;;8;;;!srn!;3;1;1;;;;;;
1;154;;50;Melody;Minor;Dim or aug melodic interval;VI<->VII#;0;;Augmented / diminished;8;;;!srn!;15;3;1;;;;;;
1;155;;100;Melody;Minor;Dim or aug melodic interval;VI#<->III;0;;Augmented / diminished;8;;;!srn!;4;1;1;;;;;;
1;156;;100;Melody;Minor;Dim or aug melodic interval;VII#-III;0;;Augmented / diminished;8;;;!srn!;7;3;1;;;;;;
1;157;;100;Melody;Minor;Dim or aug melodic interval;III-VII#;0;;Augmented / diminished;8;;;!srn!;3;1;1;;;;;;
1;432;;0;Melody;Minor;Dim or aug melodic interval;III-VII#-I down;1;;III-VII# downward notes, then I note;8;;;!srn!;2;0;1;;;;157;;
1;160;;0;Melody;Minor;Dim or aug melodic interval: far;VI<->VII#;-1;;;8;;;!srn!;16;3;1;;;;;;
1;161;;0;Melody;Minor;Dim or aug melodic interval: far;VI#<->III;-1;;;8;;;!srn!;27;4;1;;;;;;
1;162;;0;Melody;Minor;Dim or aug melodic interval: far;VII#-III;-1;;;8;;;!srn!;9;1;1;;;;;;
1;163;;0;Melody;Minor;Dim or aug melodic interval: far;III-VII#;-1;;;8;;;!srn!;20;2;1;;;;;;
1;164;;100;Harmony;Minor;False chromatic relation;VI<->VI#;0;These two notes are tightly close, but are in different voices;;10;;;!srn!;25;4;1;;;;;;
1;165;;100;Harmony;Minor;False chromatic relation;VII<->VII#;0;These two notes are tightly close, but are in different voices;;10;;;!srn!;30;6;1;;;;;;
1;170;;100;Harmony;Minor;False chromatic relation: simult.;VI<->VI#;0;If allowed, will be considered dissonance;;2;1;;;6;1;1;;;;;;
1;171;;100;Harmony;Minor;False chromatic relation: simult.;VII<->VII#;0;If allowed, will be considered dissonance;;2;1;;;8;2;1;;;;;;
1;166;;0;Harmony;Minor;False dim or aug relation;VI<->VII#;-1;;;10;;;!srn!;41;3;1;;;;;;
1;167;;0;Harmony;Minor;False dim or aug relation;VI#<->III;-1;;;10;;;!srn!;37;3;1;;;;;;
1;168;;0;Harmony;Minor;False dim or aug relation;VII#<->III;-1;;;10;;;!srn!;80;5;1;;;;;;
1;29;;0;Harmony;Minor;False dim or aug relation;Tritone;-1;;;;;;;330;0;;;;;;;
1;172;;100;Harmony;Minor;Dim or aug harmonic interval;VI<->VII#;0;If allowed, will be considered dissonance;Non-harmonic allowed;2;1;;;0;0;1;;;;;;
1;173;;100;Harmony;Minor;Dim or aug harmonic interval;VI#<->III;0;If allowed, will be considered dissonance;Non-harmonic allowed;2;1;;;0;0;1;;;;;;
1;174;;100;Harmony;Minor;Dim or aug harmonic interval;VII#<->III;0;If allowed, will be considered dissonance;Non-harmonic allowed;2;1;;;0;0;1;;;;;;
1;17;;0;Harmony;Harmony;Repeating functions in a row;>4 T;0;More than X consecutive harmonies all have this letter;;9;;;Weak prog.;6;0;;1;;;;;17,20,23,48,57,77,92,99,428,429,430,431
1;428;;0;Harmony;Harmony;Repeating functions in a row;>4 D;0;More than X consecutive harmonies all have this letter;;9;;;Weak prog.;1;0;;1;;;;;17,20,23,48,57,77,92,99,428,429,430,431
1;429;;0;Harmony;Harmony;Repeating functions in a row;>4 S;0;More than X consecutive harmonies all have this letter;;9;;;Weak prog.;1;0;;1;;;;;17,20,23,48,57,77,92,99,428,429,430,431
1;20;;0;Harmony;Harmony;Missing functions in a row;>5 without T;0;More than X consecutive harmonies do not have this letter;;9;;;No T;5;0;;1;;;;;17,20,23,48,57,77,92,99,428,429,430,431
1;430;;0;Harmony;Harmony;Missing functions in a row;>5 without D;0;More than X consecutive harmonies do not have this letter;;9;;;No D;10;0;;1;;;;;17,20,23,48,57,77,92,99,428,429,430,431
1;431;;0;Harmony;Harmony;Missing functions in a row;>6 without S;0;More than X consecutive harmonies do not have this letter;;9;;;No S;3;0;;1;;;;;17,20,23,48,57,77,92,99,428,429,430,431
1;194;;0;Harmony;Harmony;Accentuated bad progression;leap >4th;-1;Only for cantus firmus;;1;;;;0;0;;;;;;;
1;195;;0;Harmony;Harmony;Accentuated bad progression;culmination;-1;Only for cantus firmus;;1;;;;0;0;;;;;;;
1;306;12345;0;Harmony;Harmony;More than 1 harmony in measure;penultimate 2;1;Only for counterpoint;2 harmonies in penultimate measure;1;;;;92;11;;;;;;;
1;329;12345;0;Harmony;Harmony;More than 1 harmony in measure;sus 5/6 stepw;1;Only for counterpoint;Stepwize resolution of 5th to 6th or 6th to 5th with two harmonies in measure. Only for sp4 or sp5 (requires starting sus and half notes in sp5);1;;;;33;1;;;;;;;
1;307;12345;50;Harmony;Harmony;More than 1 harmony in measure;inside phrase;0;Only for counterpoint;In measures before penultimate measure;1;;;;184;9;;;;;;;
1;40;12345;100;Harmony;Harmony;More than 2 harmonies in measure;>2 harmonies;0;;More than 2 harmonies in measure;1;;;;54;2;;;;;;;
1;310;;0;Harmony;Harmony;Too many tonic chords;>2 within 9 mea.;0;;More than X tonic chords within Y consecutive harmonies (except first and last tonic). At border without tonic - one more tonic is allowed. Inversion decreases 50%;1;;;;3;0;;1;;;;;
1;375;;50;Harmony;Harmony;Augmented chord;augmented;0;;Augmented chord is prohibited;1;;;;11;0;1;;;;;;
1;383;;50;Harmony;Harmony;Six-four chord;:audible;0;;6/4 chord with non-repeating 5th on beat 2 or 4;1;;;;20;0;1;;;;;;
1;196;;50;Harmony;Harmony;Six-four chord;:suggestive;0;;6/4 chord with repeating 5th on beat 2 or 4;1;;;;;;1;;;;;;
1;433;;100;Harmony;Harmony;Six-four chord;real;0;;6/4 chord with 5th on beat 1/3 or repeating 5th;1;;;;172;0;1;;;;;;
1;48;;50;Harmony;Harmony;Cadential progression;V-I;0;;Bass note going from V note to I octave in D-T progression before cadence;1;;;;1;1;1;;;;;;17,20,23,48,57,77,92,99,428,429,430,431
1;308;;50;Harmony;Harmony;Prohibited progression;S-DVII (m);0;;Prohibit DVII (GBD) in root position after S (DF#A) in root position;1;;;;2;1;1;;;;;;
1;309;;50;Harmony;Harmony;Prohibited progression;DVII-DTIII (m);0;;Prohibit DTIII (CEG) in root position after DVII (GBD) in root position;1;;;;2;1;1;;;;;;
1;377;;50;Harmony;Harmony;Prohibited progression;VI<->VI#;0;;Chord with VI note near chord with VI# note;1;;;;6;1;;;;;;;
1;378;;50;Harmony;Harmony;Prohibited progression;VII<->VII#;0;;Chord with VII note near chord with VII# note;1;;;;7;0;1;;;;;;
1;77;;0;Harmony;Harmony;Harmonic progression;non-ideal;-1;;See harmonic progressions with penalty 1;9;;;!srn!;612;0;;;;;;;17,20,23,48,57,77,92,99,428,429,430,431
1;57;;0;Harmony;Harmony;Harmonic progression;bad;-1;;See harmonic progressions with penalty 2;9;;;Weak prog.;535;1;;;;;;;17,20,23,48,57,77,92,99,428,429,430,431
1;92;;0;Harmony;Harmony;Harmonic progression;2 x bad;-1;;Two consecutive harmonic progressions each with penalty 2;9;;;Weak prog.;103;1;;;;;;;17,20,23,48,57,77,92,99,428,429,430,431
1;23;;0;Harmony;Harmony;Harmonic progression;3 x bad;0;;Three consecutive harmonic progressions each with penalty 2;9;;;Weak prog.;19;1;;;;;;;17,20,23,48,57,77,92,99,428,429,430,431
1;418;;0;Harmony;Harmony;Repeated harmony;in changed position;0;;Chord is repeated, but inversion is changed;1;;;;130;3;;;;;;;
1;99;;50;Harmony;Harmony;Repeated harmony;:in same position;0;;Chord is repeated with same inversion;1;;;;28;1;;;;;;;17,20,23,48,57,77,92,99,428,429,430,431
1;321;;50;Harmony;Harmony;Repeated harmony;:three times;0;;Same chord is used 3 times consecutively;9;;;!rn!;7;1;1;;;;;;
1;80;;0;Harmony;Perfect consonance;Perfect consonance;downbeat;-1;;;2;1;;;338;2;;;;;;;
1;81;;0;Harmony;Perfect consonance;Perfect consonance;culmination;-1;;;2;1;;;66;2;;;;;;;
1;82;;0;Harmony;Perfect consonance;Perfect consonance;db. culm.;-1;;Downbeat culmination;2;1;;;48;11;1;;;;80;;
1;324;;50;Harmony;Perfect consonance;Doubling of leading-tone;LT doubling;0;;Leading tone harmonic octave for leaping notes and downbeat;2;;;;23;9;1;;;;;;
1;325;;0;Harmony;Perfect consonance;Culmination on 5th: long downbeat;culmination;0;Local culmination in upper voice within 4 measures in sp5. Sounds empty except last measure;Downbeat 5th 1/2 or longer;2;1;;;0;0;1;;;;;;
1;326;;0;Harmony;Perfect consonance;Culmination on 8ve / unison: long downbeat;culmination;0;Local culmination in upper voice within 4 measures in sp5. Sounds empty except last measure;Downbeat octave 1/2 or longer;2;1;;;3;0;1;;;;;;
1;86;;0;Harmony;Perfect consonance;Consecutive perfect consonances;different;-1;;Different adjacent perfect consonances;7;1;1;;167;4;;;;;;;
1;84;;100;Harmony;Perfect consonance;Consecutive 5ths;parallel;0;;;7;1;1;;32;5;1;;;;;;
1;85;;50;Harmony;Perfect consonance;Consecutive 5ths;contrary;0;;Contrary octaves are possible in cadence;7;1;1;;0;0;1;;;;;;
1;330;;50;Harmony;Perfect consonance;Consecutive 5ths;parallel sus 6-5;0;;Parallel 5ths separated by sus with 6th interval;7;1;1;;5;3;1;;;;249;;
1;481;;100;Harmony;Perfect consonance;Consecutive 8ves or unisons;parallel;0;;;7;1;1;;65;37;1;;;;;;
1;482;;50;Harmony;Perfect consonance;Consecutive 8ves or unisons;contrary;0;;Contrary octaves are possible in cadence;7;1;1;;9;4;1;;;;;;
1;248;1240;0;Harmony;Perfect consonance;Parallel 5ths: < 4/4 apart;upbeat contrary;1;Two same non-close perfect consonances in neighboring measures less than 4 notes apart;Contrary movement to upbeat;;;;;;;;;;;;;
1;376;1240;0;Harmony;Perfect consonance;Parallel 5ths: < 4/4 apart;last contrary;1;Two same non-close perfect consonances in neighboring measures less than 4 notes apart;Contrary movement to last interval in counterpoint;;;;;;;;;;;;;
1;347;1240;50;Harmony;Perfect consonance;Parallel 5ths: < 4/4 apart;direct comp.;0;Two same non-close perfect consonances in neighboring measures less than 4 notes apart;Direct compound intervals.;;;;;;;;;;;;;
1;374;1240;0;Harmony;Perfect consonance;Parallel 5ths: < 4/4 apart;asymmetric;1;Two same non-close perfect consonances in neighboring measures less than 4 notes apart;First and second perfect consonances are placed on differrent beats;;;;;;;;;;;;;
1;249;1240;50;Harmony;Perfect consonance;Parallel 5ths: < 4/4 apart;stepwize;0;Two same non-close perfect consonances in neighboring measures less than 4 notes apart;One of intervals is approached and left by stepwize movement ;;;;;;;;;;;;;
1;248;35;0;Harmony;Perfect consonance;Parallel 5ths: < 4/4 apart;upbeat contrary;1;Two same non-close perfect consonances in neighboring measures less than 4 notes apart;Contrary movement to upbeat;7;1;1;;9;1;1;;;;;;
1;376;35;0;Harmony;Perfect consonance;Parallel 5ths: < 4/4 apart;last contrary;1;Two same non-close perfect consonances in neighboring measures less than 4 notes apart;Contrary movement to last interval in counterpoint;7;1;1;;0;0;1;;;;;;
1;347;35;50;Harmony;Perfect consonance;Parallel 5ths: < 4/4 apart;direct comp.;0;Two same non-close perfect consonances in neighboring measures less than 4 notes apart;Direct compound intervals.;7;1;1;;0;0;1;;;;;;
1;374;35;0;Harmony;Perfect consonance;Parallel 5ths: < 4/4 apart;asymmetric;1;Two same non-close perfect consonances in neighboring measures less than 4 notes apart;First and second perfect consonances are placed on differrent beats;7;1;1;;4;3;1;;;;;;
1;249;35;0;Harmony;Perfect consonance;Parallel 5ths: < 4/4 apart;stepwize;1;Two same non-close perfect consonances in neighboring measures less than 4 notes apart;One of intervals is approached and left by stepwize movement ;7;1;1;;72;9;1;;;;;;
1;315;;50;Harmony;Perfect consonance;Parallel 5ths: < 4/4 apart;anticipation;0;Two same non-close perfect consonances in neighboring measures less than 4 notes apart;Second interval is anticipation downbeat;7;1;1;;4;2;1;;;;;;
1;316;;100;Harmony;Perfect consonance;Parallel 5ths: < 4/4 apart;downbeat;0;Two same non-close perfect consonances in neighboring measures less than 4 notes apart;Second interval is downbeat;7;1;1;;19;5;1;;;;;;
1;385;;50;Harmony;Perfect consonance;Parallel 5ths: < 4/4 apart;sus;0;Two same non-close perfect consonances in neighboring measures less than 4 notes apart;Second interval is suspension second part;7;1;1;;22;2;1;;;;;;
1;250;;50;Harmony;Perfect consonance;Parallel 5ths: < 4/4 apart;other;0;Two same non-close perfect consonances in neighboring measures less than 4 notes apart;If other rules in this row did not apply;7;1;1;;18;5;1;;;;249;;
1;484;;0;Harmony;Perfect consonance;Parallel 8ves / unisons: < 4/4 apart;upbeat contrary;1;Two same non-close perfect consonances in neighboring measures less than 4 notes apart;Contrary movement to upbeat;7;1;1;;22;3;1;;;;;;
1;485;;0;Harmony;Perfect consonance;Parallel 8ves / unisons: < 4/4 apart;last contrary;1;Two same non-close perfect consonances in neighboring measures less than 4 notes apart;Contrary movement to last interval in counterpoint;7;1;1;;8;4;1;;;;;;
1;486;;50;Harmony;Perfect consonance;Parallel 8ves / unisons: < 4/4 apart;direct comp.;0;Two same non-close perfect consonances in neighboring measures less than 4 notes apart;Direct compound intervals.;7;1;1;;2;2;1;;;;;;
1;487;;0;Harmony;Perfect consonance;Parallel 8ves / unisons: < 4/4 apart;asymmetric;1;Two same non-close perfect consonances in neighboring measures less than 4 notes apart;First and second perfect consonances are placed on differrent beats;7;1;1;;20;6;1;;;;;;
1;488;;50;Harmony;Perfect consonance;Parallel 8ves / unisons: < 4/4 apart;stepwize;0;Two same non-close perfect consonances in neighboring measures less than 4 notes apart;One of intervals is approached and left by stepwize movement ;7;1;1;;81;28;1;;;;;;
1;489;;50;Harmony;Perfect consonance;Parallel 8ves / unisons: < 4/4 apart;anticipation;0;Two same non-close perfect consonances in neighboring measures less than 4 notes apart;Second interval is anticipation downbeat;7;1;1;;7;7;1;;;;;;
1;490;;100;Harmony;Perfect consonance;Parallel 8ves / unisons: < 4/4 apart;downbeat;0;Two same non-close perfect consonances in neighboring measures less than 4 notes apart;Second interval is downbeat;7;1;1;;42;12;1;;;;;;
1;491;;50;Harmony;Perfect consonance;Parallel 8ves / unisons: < 4/4 apart;sus;0;Two same non-close perfect consonances in neighboring measures less than 4 notes apart;Second interval is suspension second part;7;1;1;;4;2;1;;;;;;
1;492;;50;Harmony;Perfect consonance;Parallel 8ves / unisons: < 4/4 apart;other;0;Two same non-close perfect consonances in neighboring measures less than 4 notes apart;If other rules in this row did not apply;7;1;1;;43;12;1;;;;488;;
1;91;;50;Harmony;Perfect consonance;Unison;:on downbeat;0;;Downbeat unison is not allowed inside counterpoint - only as first or last interval of counterpoint;2;1;;;6;2;1;;;;;;
1;275;;50;Harmony;Perfect consonance;Unison;:follows m2;0;;Oblique motion from minor 2nd to unison;8;1;;m2 - unis.;10;2;1;;;;;;
1;277;;0;Harmony;Perfect consonance;Unison;:follows M2;1;;Oblique motion from major 2nd to unison;8;1;;M2 - unis.;1;1;1;;;;;;
1;208;;100;Harmony;Perfect consonance;Direct 5th;stepw. cadence;0;;Direct movement to 5th with stepwize motion in higher voice to last or penultimate measure;7;3;1;;1;1;1;;;;;;
1;212;;100;Harmony;Perfect consonance;Direct 5th;leap cadence;0;;Direct movement to 5th with leaping motion in higher voice to last or penultimate measure;7;3;1;;5;1;1;;;;;;
1;210;;100;Harmony;Perfect consonance;Direct 5th;stepwise;0;;Direct movement to 5th with stepwize motion in higher voice: not in cadence;7;3;1;;19;9;1;;;;;;
1;214;;100;Harmony;Perfect consonance;Direct 5th;leap;0;;Direct movement to 5th with leaping motion in higher voice: not in cadence;7;3;1;;17;6;1;;;;;;
1;72;;0;Harmony;Perfect consonance;Direct unison;stepw. cadence;1;;Direct movement to unison with stepwize motion in higher voice to last or penultimate measure;7;3;1;;;;1;;;;;;
1;73;;50;Harmony;Perfect consonance;Direct unison;leap cadence;0;;Direct movement to unison with leaping motion in higher voice to last or penultimate measure;7;3;1;;;;1;;;;;;
1;76;;100;Harmony;Perfect consonance;Direct unison;stepwise;0;;Direct movement to unison with stepwize motion in higher voice: not in cadence;7;3;1;;;;1;;;;;;
1;98;;100;Harmony;Perfect consonance;Direct unison;leap;0;;Direct movement to unison with leaping motion in higher voice: not in cadence;7;3;1;;;;1;;;;;;
1;209;;0;Harmony;Perfect consonance;Direct 8ve;stepw. cadence;1;;Direct movement to 8va with stepwize motion in higher voice to last or penultimate measure;7;3;1;;26;3;1;;;;;;
1;213;;50;Harmony;Perfect consonance;Direct 8ve;leap cadence;0;;Direct movement to 8va with leaping motion in higher voice to last or penultimate measure;7;3;1;;23;8;1;;;;;;
1;211;;100;Harmony;Perfect consonance;Direct 8ve;stepwise;0;;Direct movement to 8va with stepwize motion in higher voice: not in cadence;7;3;1;;8;4;1;;;;;;
1;215;;100;Harmony;Perfect consonance;Direct 8ve;leap;0;;Direct movement to 8va with leaping motion in higher voice: not in cadence;7;3;1;;9;8;1;;;;;;
1;216;;0;Harmony;Suspension;Wrong resolution of suspension;:9th - 8ve;1;;9th -> 8ve. In higher voice. Includes 16th interval and above;12;1;;sus;1;1;1;;;;;;
1;217;;100;Harmony;Suspension;Wrong resolution of suspension;:7th - 8ve;0;;7th -> 8ve. In lower voice. Includes 14th interval and above;12;1;;sus;5;4;1;;;;;;
1;218;;100;Harmony;Suspension;Wrong resolution of suspension;:2nd - unis;0;;2nd -> unison. Does not include 9th interval and above;12;1;;sus;1;1;1;;;;;;
1;419;;0;Harmony;Suspension;Wrong resolution of suspension;on beat 2;1;;Allows resolution to beat 2;;;;;0;0;;;;;;;
1;420;;0;Harmony;Suspension;Wrong resolution of suspension;on beat 4;1;;Allows resolution to beat 4;;;;;0;0;;;;;;;
1;219;;100;Harmony;Suspension;Wrong resolution of suspension;:up;0;;Suspension resolution up except for leading note (LT stepwize resolution up to tonic is allowed);12;2;;sus;24;4;1;;;;;;
1;220;;100;Harmony;Suspension;Wrong resolution of suspension;:unresolved;0;;;12;2;;sus;6;2;1;;;;;;
1;221;;100;Harmony;Suspension;Wrong resolution of suspension;:by leap;0;;Suspension resolution by leap;12;2;;sus;16;7;1;;;;;;
1;291;;0;Harmony;Suspension;Wrong resolution of suspension;short;0;;If resolution note is shorter than 1/4;12;;;sus;2;1;1;;;;;;
1;286;;50;Harmony;Suspension;Wrong resolution of suspension;:off beat;0;;Suspension is not resolved on allowed beat;12;;;sus;7;7;1;;;;;;
1;296;;0;Harmony;Suspension;Suspension resolution ornament;cons. leap down;1;;Leap down from consonance insertion to resolution;12;;;sus;0;0;1;;;;;;
1;136;;0;Harmony;Suspension;Suspension resolution ornament;cons. leap up;1;;Leap up from consonance insertion to resolution;12;;;sus;0;0;1;;;;;;
1;292;;50;Harmony;Suspension;Suspension resolution ornament;chatty;0;;There are more than 2 notes in resolution ornament between suspension and resolution;12;;;sus;1;1;1;;;;;;
1;295;;50;Harmony;Suspension;Suspension resolution ornament;leap from;0;;Leap from suspension to resolution ornament is longer than M3;12;;;sus;0;0;1;;;;;;
1;387;;0;Harmony;Suspension;Wrong usage of sus. in 2nd sp.;I -> LT penultim.;1;;Suspension of LT by I note in penultimate measure in sp2;;;;;8;0;1;;;;;;
1;388;;50;Harmony;Suspension;Wrong usage of sus. in 2nd sp.;not I -> LT pnu.;0;;Other suspension than LT by I note in penultimate measure in sp2;;;;;14;4;;;;;;;
1;458;;100;Harmony;Suspension;Sus. prepared by dissonance;start diss.;0;;Suspension starts with dissonance;;;;;23;6;;;;;;;
1;268;;0;Harmony;Border;Non-permitted first harmony;I-I;-1;Lower-upper note;;;;;;318;3;;;;;;;
1;269;;0;Harmony;Border;Non-permitted first harmony;I-V;-1;Lower-upper note;;;;;;51;7;1;;;;;;
1;270;;0;Harmony;Border;Non-permitted first harmony;I-III;0;Lower-upper note;;;;;;25;5;1;;;;;;
1;421;;50;Harmony;Border;Non-permitted first harmony;I-VI;0;Lower-upper note;;;;;;0;0;1;;;;;;
1;271;;100;Harmony;Border;Non-permitted first harmony;III-I;0;Lower-upper note;;;;;;11;2;1;;;;;;
1;423;;100;Harmony;Border;Non-permitted first harmony;IV-I;0;Lower-upper note;;;;;;4;1;1;;;;;;
1;425;;100;Harmony;Border;Non-permitted first harmony;VI-I;0;Lower-upper note;;;;;;4;0;1;;;;;;
1;272;;100;Harmony;Border;Non-permitted first harmony;Other;0;Lower-upper note;;;;;;39;15;1;;;;;;
1;354;;0;Harmony;Border;Non-permitted last harmony;I-I;-1;Lower-upper note;;;;;;361;1;;;;;;;
1;355;;50;Harmony;Border;Non-permitted last harmony;I-V;0;Lower-upper note;;;;;;27;7;;;;;;;
1;356;;50;Harmony;Border;Non-permitted last harmony;I-III;0;Lower-upper note;;;;;;19;4;1;;;;;;
1;422;;100;Harmony;Border;Non-permitted last harmony;I-VI;0;Lower-upper note;;;;;;10;0;1;;;;;;
1;357;;100;Harmony;Border;Non-permitted last harmony;III-I;0;Lower-upper note;;;;;;8;4;1;;;;;;
1;424;;100;Harmony;Border;Non-permitted last harmony;IV-I;0;Lower-upper note;;;;;;3;0;1;;;;;;
1;426;;100;Harmony;Border;Non-permitted last harmony;VI-I;0;Lower-upper note;;;;;;0;0;1;;;;;;
1;358;;100;Harmony;Border;Non-permitted last harmony;Other;0;Lower-upper note;;;;;;35;2;;;;;;;
1;47;;50;Harmony;Border;Penultimate measure;:no leading-tone;0;;no leading tone is allowed if last bass notes are V-I;;;;;108;5;;;;;;;
1;75;;0;Harmony;Border;Penultimate measure;:no V or II note;0;;No V or II note;;;;;32;19;1;;;;;;
1;317;;0;Harmony;Border;Penultimate measure;VII natural;-1;;VII natural minor note in penultimate measure. This rule is disabled, because it duplicates "no leading-tone" rule;;;;;21;4;1;;;;;;
1;318;;0;Harmony;Border;Penultimate measure;:isolated LT;0;;There is another harmony between leading tone and tonic note in penultimate measure;;;;;26;10;1;;;;;;
1;322;;0;Harmony;Border;Penultimate measure;T/S after D;-1;;Any chord except V or VII(#) goes after V or VII(#) chord in penultimate measure. Disabled this rule, because it duplicates rule "penultimate harmony no D/DVII";;;;;15;4;1;;;;;;
1;335;;50;Harmony;Border;Penultimate measure;:no V or VII;0;;Penultimate harmony is not V or VII;1;;;;146;1;;;;;;;
1;9;;100;Harmony;Border;Penultimate measure;:poor int.;0;;Penultimate measure starts with poor interval: 8ve or unison;;;;;;;;;;;;;
1;89;;0;Harmony;Imperfect consonance;Too many consecutive 3rds;3;-1;More than X same 3rds in a row;;9;1;;Parallel 3rds;27;0;;;;;;;
1;96;;50;Harmony;Imperfect consonance;Too many consecutive 3rds;> 3;0;More than X same 3rds in a row;;9;1;;Parallel 3rds;4;0;;;;;;;
1;389;;0;Harmony;Imperfect consonance;Too many consecutive 6ths;3;-1;More than X same 6ths in a row;;9;1;;Parallel 6ths;19;0;;;;;;;
1;390;;50;Harmony;Imperfect consonance;Too many consecutive 6ths;> 3;0;More than X same 6ths in a row;;9;1;;Parallel 6ths;6;0;;;;;;;
1;379;;0;Harmony;Dissonance;Virtual 4th;beat 1;-1;Situation when there is no harmonic 4th interval, but there are harmonic notes in same voice, which form sounding 4th;;12;;;sounds 6/4;21;4;;;;;;;
1;380;;0;Harmony;Dissonance;Virtual 4th;beat 3;-1;Situation when there is no harmonic 4th interval, but there are harmonic notes in same voice, which form sounding 4th;;12;;;sounds 6/4;10;4;;;;;;;
1;381;;0;Harmony;Dissonance;Virtual 4th;long;-1;Situation when there is no harmonic 4th interval, but there are harmonic notes in same voice, which form sounding 4th;;12;;;sounds 6/4;12;4;;;;;;;
1;382;;0;Harmony;Dissonance;Virtual 4th;repeat;-1;Situation when there is no harmonic 4th interval, but there are harmonic notes in same voice, which form sounding 4th;;12;;;sounds 6/4;2;2;;;;;;;
1;83;;100;Harmony;Dissonance;Dissonance;:on downbeat;0;;;2;;;;219;21;;;;;169;;
1;223;;50;Harmony;Dissonance;Dissonance;:longer than previous chord tone;0;;Dissonance is longer than previous note;2;1;;;14;7;1;;;;;;
1;384;;0;Harmony;Dissonance;Dissonance;:longer than next chord tone;0;;Dissonance is longer than next consonance;2;1;;;8;1;;;;;;;
1;331;;50;Harmony;Dissonance;Dissonance;4th cons;0;;Prohibit 4th upbeat consonance even if not lowest ;2;1;;;0;0;1;;;;;;
1;36;;100;Harmony;Dissonance;Dissonance approached by leap;leap;0;;Leap to harmonic upbeat dissonance;2;1;;;;;;;;;276,169,384;;
1;187;;100;Harmony;Dissonance;Dissonance left by leap;leap;0;;Leap from harmonic upbeat dissonance;2;1;;;195;8;;;;;276,169,384;;
1;169;;0;Harmony;Dissonance;Dissonance on upbeat;stepwize;-1;;;2;1;;;904;3;;;;;;;
1;276;;0;Harmony;Dissonance;Dissonance on upbeat;m2;-1;;Minor second;2;1;;;6;3;1;;;;;;
1;24;;50;Harmony;Voice motion;Overlapping;overlap;0;;;10;;;overlap;54;9;1;;;;;;
1;35;;0;Harmony;Voice motion;Not enough contrary motion;<60%;-1;Not enough contrary motion in counterpoin;;;;;;177;0;;;999;;;;
1;46;;0;Harmony;Voice motion;Not enough contrary motion;<30%;-1;Not enough contrary motion in counterpoin;;;;;;70;0;;;;;;;
1;256;;0;Harmony;Nonchord tones;Cambiata;any;1;;Prohibit this rule to prevent detection of any cambiata, thus processing as usual notes;;;;;37;0;;;;;;1;
1;257;;0;Harmony;Nonchord tones;Cambiata;mixed rhythm;1;;Rhythm of cambiata contains not only 1/4 notes;;;;;9;0;;;;;;1;
1;261;;0;Harmony;Nonchord tones;Cambiata;third diss.;1;;Third note in cambiata is dissonance;;;;;17;0;;;;;;1;
1;323;;0;Harmony;Nonchord tones;Cambiata;leap 4th comp.;1;;4th leap from 2nd note compensated by next stepwize movement;;;;;0;0;1;;;;;;
1;263;;50;Harmony;Nonchord tones;Cambiata;:leap of a 4th;0;;4th leap to 3rd note;;;;;3;0;;;;;;1;
1;264;;0;Harmony;Nonchord tones;Cambiata;leap from 3;1;;Leap from note #3 up to 4th interval;;;;;1;0;;;;;;1;
1;265;;0;Harmony;Nonchord tones;Cambiata;leap from 4;1;;Leap from note #4 up to 4th interval;;;;;11;0;;;;;;1;
1;266;;0;Harmony;Nonchord tones;Cambiata;back from 4;1;;Movement from note #4 in returning direction;;;;;5;0;;;;;;1;
1;279;;0;Harmony;Nonchord tones;Cambiata;inverted;1;;Inverted cambiata;;;;;19;0;;;;;;1;
1;327;;50;Harmony;Nonchord tones;Cambiata between bars;one note out;0;;Last note of cambiata is out of current measure;;;;;3;0;;;;;;1;
1;259;;50;Harmony;Nonchord tones;Cambiata between bars;more notes out;0;;Two or more last notes of cambiata are out of current measure;;;;;8;0;;;;;;1;
1;258;;0;Harmony;Nonchord tones;Double-neighbour tone;any;1;;Prohibit this rule to prevent detection of any double-neighbour tone;;;;;35;0;;;;;;1;
1;280;;0;Harmony;Nonchord tones;Double-neighbour tone;mixed rhythm;1;;Rhythm of DNT contains not only 1/4 notes;;;;;3;0;;;;;;1;
1;260;;50;Harmony;Nonchord tones;Double-neighbour tone;:leap of a 4th;0;;Allow leaps up to specified size;;;;;5;0;;;;;;1;
1;3;;0;Harmony;Nonchord tones;Double-neighbour tone;approached by leap;0;;There is a leap before first note of double-neighbour tone group;;;;;0;0;;;;;;;
1;97;;50;Harmony;Nonchord tones;Double-neighbour tone;:left by leap;0;;There is a leap after last note of double-neighbour tone;;;;;3;0;;;;;;;
1;328;;50;Harmony;Nonchord tones;Double-neighbour tone between bars;one note out;0;;Last note of DNT is out of current measure;;;;;4;0;;;;;;1;
1;281;;50;Harmony;Nonchord tones;Double-neighbour tone between bars;more notes out;0;;Two or more last notes of DNT are out of current measure;;;;;1;0;;;;;;1;
1;282;24;50;Harmony;Nonchord tones;Passing tone on downbeat;contrary motion;0;In upper voice only;;;;;;;;;;;;;;
1;297;24;50;Harmony;Nonchord tones;Passing tone on downbeat;:direct motion;0;In upper voice only;Dissonance is formed by direct movement of voices;;;;;;;;;;;;;
1;298;24;50;Harmony;Nonchord tones;Passing tone on downbeat;:parallel;0;In upper voice only;Dissonance is formed by parallel movement of voices;;;;;;;;;;;;;
1;282;35;0;Harmony;Nonchord tones;Passing tone on downbeat;contrary motion;1;In upper voice only;;2;1;;;50;1;;;;;;1;
1;297;35;50;Harmony;Nonchord tones;Passing tone on downbeat;:direct motion;0;In upper voice only;Dissonance is formed by direct movement of voices;2;1;;;6;0;;;;;;1;
1;298;35;50;Harmony;Nonchord tones;Passing tone on downbeat;:parallel;0;In upper voice only;Dissonance is formed by parallel movement of voices;2;1;;;18;1;;;;;;1;
1;287;;50;Harmony;Nonchord tones;Anticipation;any;0;;Prohibit this rule to prevent detection of any anticipation. By default allows stepwize anticipation in cadence with next note longer and previous note longer or equal;;;;;52;14;;;;;225;;
1;294;;100;Harmony;Nonchord tones;Anticipation;:preceded by a shorter note;0;;Previous note is shorter than anticipation note;;;;;1;1;1;;;;;;
1;293;;0;Harmony;Nonchord tones;Anticipation;next equal;1;;Next note has equal length with anticipation note;;;;;7;5;1;;;;;;
1;288;;0;Harmony;Nonchord tones;Anticipation;followed by a shorter note;1;;Next note is shorter than anticipation note;;;;;2;2;1;;;;;;
1;290;;50;Harmony;Nonchord tones;Anticipation;not in cadence;0;;Anticipation inside counterpoint - not in cadence;;;;;27;11;;;;;;;
1;333;;50;Harmony;Nonchord tones;Anticipation;start >1/2;0;;Anticipation start should not be longer;;;;;8;6;1;;;;;;
1;334;;50;Harmony;Nonchord tones;Anticipation;end >whole;0;;Anticipation ending should not be longer than whole;;;;;11;9;1;;;;;;
1;289;;0;Harmony;Nonchord tones;Anticipation;leap;1;;Leap to anticipation note;;;;;16;4;;;;;;;
1;459;;100;Harmony;Nonchord tones;Anticipation;:unresolved;0;;Anticipation should resolve to consonance in next measure;;;;;11;1;;;;;;;
1;237;;50;Rhythm;Rhythm;Beginning is non-standard;uneven pause;0;;Starting pause in first measure does not equal length of next note;;;;;21;18;1;;;;;;
1;254;;50;Rhythm;Rhythm;Beginning is non-standard;uneven start;0;;Starting measure contains notes/pauses of different length Allowed exception in sp5: (pause + 1/4 + 1/2 slurred);11;;;Rhythm;18;14;1;;;;;;
1;197;;50;Rhythm;Rhythm;Beginning is non-standard;pause >1/2;0;;Starting pause is longer than 1/2 note;;;;;4;3;1;;;;;;
1;230;;50;Rhythm;Rhythm;Beginning is non-standard;1/8 note;0;;1/8 note in the first measure;;;;;19;3;1;;;;;;
1;273;;50;Rhythm;Rhythm;Beginning without rest;without rest;0;;No starting pause in couterpoint voice for species 2-5;;;;;55;8;1;;;;;;
1;247;;50;Rhythm;Rhythm;Same rhythm in adjacent measures;same;0;;Rhythm repeats in neighboring measures, while there are no croches or less than 4 notes in measure;11;;;Rhythm repeat;48;16;1;;;;;;
1;233;;0;Rhythm;Rhythm;Non-permitted rhythm;1/2. downbeat;1;;Dotted half note on downbeat;;;;;23;4;1;;;;;;
1;234;;50;Rhythm;Rhythm;Non-permitted rhythm;1/2. upbeat;0;;Dotted half note on upbeat;11;;;Rhythm;8;8;1;;;;;;
1;235;;50;Rhythm;Rhythm;Non-permitted rhythm;1/4 syncope;0;;1/4 on beat 2 or 4 is slurred to next note;;;;;22;19;1;;;;;;
1;236;;50;Rhythm;Rhythm;Non-permitted rhythm;whole inside;0;;Downbeat whole note inside counterpoint - not first or last note;;;;;38;12;1;;;;;;
1;226;;50;Rhythm;Rhythm;Wrong usage of eighth notes;1st beat;0;;1/8 note on beat 1;;;;;12;7;1;;;;;;
1;227;;0;Rhythm;Rhythm;Wrong usage of eighth notes;2nd beat;1;;1/8 note on beat 2;;;;;47;5;1;;;;;;
1;228;;50;Rhythm;Rhythm;Wrong usage of eighth notes;3rd beat;0;;1/8 note on beat 3;;;;;25;8;1;;;;;;
1;229;;0;Rhythm;Rhythm;Wrong usage of eighth notes;4th beat;1;;1/8 note on beat 4;;;;;57;9;1;;;;;;
1;231;;50;Rhythm;Rhythm;Wrong usage of eighth notes;isolated;0;;1/8 note without pairing 1/8;;;;;4;3;1;;;;;;
1;232;;50;Rhythm;Rhythm;Wrong usage of eighth notes;1/8 syncope;0;;1/8 note slurred forward to next beat;;;;;3;3;1;;;;;;
1;255;;50;Rhythm;Rhythm;Wrong usage of eighth notes;>2 x 1/8;0;;More than two 1/8 notes in measure;;;;;19;6;1;;;;;;
1;88;;50;Rhythm;Rhythm;Wrong usage of eighth notes;leap;0;;Leap from or to 1/8 note;5;;;;47;12;1;;;;;;
1;238;;0;Rhythm;Rhythm;Anapaest;penultimate;1;1/2 after 1/4 or 1/8 in measure;Last or next to last measure;11;;;Anapaest;21;6;1;;;;;;
1;239;;0;Rhythm;Rhythm;Anapaest;tie forward;1;1/2 after 1/4 or 1/8 in measure;1/2 is slurred forward;11;;;Anapaest;71;18;1;;;;;;
1;278;;0;Rhythm;Rhythm;Anapaest;tie back;1;1/2 after 1/4 or 1/8 in measure;First note in measure is slurred to previous measure;11;;;Anapaest;6;1;1;;;;;;
1;240;;50;Rhythm;Rhythm;Anapaest;inside;0;1/2 after 1/4 or 1/8 in measure;Before penultimate measure;11;;;Anapaest;11;9;1;;;;239;;
1;336;;50;Rhythm;Rhythm;Wrong note value for this species;sp1: >8/4;0;Except last note;Usually >8/4;;;;;3;2;;;;;;;
1;337;;50;Rhythm;Rhythm;Wrong note value for this species;sp2: >4/4;0;Except last note;Usually >2/4 or >4/4;;;;;6;6;;;;;;;
1;338;;50;Rhythm;Rhythm;Wrong note value for this species;sp3: >1/4;0;Except last note;Usually >1/4 or >2/4;;;;;47;6;;1;;;;;
1;339;;50;Rhythm;Rhythm;Wrong note value for this species;sp4: >4/4;0;Except last note;Usually >4/4;;;;;2;2;1;;;;;;
1;340;;50;Rhythm;Rhythm;Wrong note value for this species;sp5: >6/4;0;Except last note;Usually >6/4;;;;;5;4;;;;;;;
1;41;;0;Rhythm;Rhythm;Note lasts for too many measures;>2;-1;;Note crosses more than two measures;;;;;15;12;1;;;;;;
1;267;;0;Rhythm;Rhythm;Last note is not a whole;not whole;0;;;;;;;54;21;1;;;1;;;
1;252;;50;Rhythm;Rhythm;Last note is not a whole;1/4;0;;;;;;;29;8;1;;;1;;;
1;253;;50;Rhythm;Rhythm;Last note is not a whole;1/8;0;;;;;;;1;1;1;;;1;;;
1;241;;0;Rhythm;Rhythm;Wrong suspension rhythm;1/2 + 1/4;1;Start (left) and end (right) of suspension note;;;;;;76;16;1;;;;;;
1;242;;0;Rhythm;Rhythm;Wrong suspension rhythm;1/2 + 1/2;1;Start (left) and end (right) of suspension note;;;;;;34;10;1;;;;;;
1;243;;0;Rhythm;Rhythm;Wrong suspension rhythm;? + 1/2.;-1;Start (left) and end (right) of suspension note;;;;;;15;3;1;;;;;;
1;244;;100;Rhythm;Rhythm;Wrong suspension rhythm;1/2. + ?;0;Start (left) and end (right) of suspension note;;;;;;3;3;1;;;;;;
1;427;;100;Rhythm;Rhythm;Wrong suspension rhythm;end > start;0;Start (left) and end (right) of suspension note;;;;;;24;0;1;;;;;;
1;274;;100;Rhythm;Rhythm;Wrong suspension rhythm;start >1/2;0;Start (left) and end (right) of suspension note;Suspension start should not be longer;;;;;5;5;1;;;;;;
1;332;;100;Rhythm;Rhythm;Wrong suspension rhythm;end >3/4;0;Start (left) and end (right) of suspension note;Suspension finish should not be longer;;;;;10;9;1;;;;;;
1;251;;100;Rhythm;Rhythm;Wrong suspension rhythm;1/4 + ?;0;Start (left) and end (right) of suspension note;;;;;;8;8;1;;;;;;
1;139;;0;Rhythm;Rhythm;Suspension;not last 3;-1;;Suspension before N last measures {sp2,3};;;;;17;11;1;;;;;;
1;341;;0;Rhythm;Rhythm;Suspension;each 3 meas.;0;;At least one suspension is needed each X measures {sp5};;;;;43;0;;1;;;;1;
1;301;;0;Rhythm;Rhythm;Too many notes in one measure;5 after sus.;1;;5 notes in measure only allowed if first note is a suspension from previous measure;;;;;22;3;1;;;;;;
1;245;;50;Rhythm;Rhythm;Too many notes in one measure;5 without sus.;0;;;11;;;!srn! notes;36;10;1;;;;;;
1;246;;100;Rhythm;Rhythm;Too many notes in one measure;>5;0;;;11;;;!srn! notes;13;2;1;;;;245,301;;
1;225;;0;Rhythm;Ties;Tie;suspension;1;;{sp3,4,5};;;;;400;4;;;;;;;
1;30;;100;Rhythm;Ties;Tie;cantus;0;;Slurs are prohibited in cantus;;;;;0;0;1;;;;;;
1;93;13;0;Rhythm;Ties;Note is repeated: in 10 notes;1;0;;;;;;;;;;;;;;;
1;94;13;50;Rhythm;Ties;Note is repeated: in 10 notes;2;0;;;;;;;;;;;;;;;
1;95;13;50;Rhythm;Ties;Note is repeated: in 10 notes;>2;0;;;;;;;;;;;;;;;
1;93;2;0;Rhythm;Ties;Note is repeated: in 10 notes;1;-1;;;;;;;36;0;;;;1;;;
1;94;2;50;Rhythm;Ties;Note is repeated: in 10 notes;2;0;;;;;;;6;0;;;;1;93;;
1;95;2;50;Rhythm;Ties;Note is repeated: in 10 notes;>2;0;;;;;;;22;0;;;;1;93,94;;
1;188;4;0;Rhythm;Ties;Frequent interruption of syncopation: within 10 notes;1;1;;One syncopation is interrupted, resulting in two separate half notes;;;;;21;2;;;;1;;;
1;189;4;0;Rhythm;Ties;Frequent interruption of syncopation: within 10 notes;2;1;;;;;;;15;0;;;;1;188;;
1;190;4;50;Rhythm;Ties;Frequent interruption of syncopation: within 10 notes;>2;0;;;;;;;3;0;;;;1;188,189;;
